id,name,population,new_case,new_death,new_recovered,new_active,total_case,total_death,total_active,total_recovered,death_yesterday,case_yesterday,recovered_yesterday,death_average_7days,case_average_7days,percent_case_population,last_updated
1,Hà Nội,8053664,207,0,0,0,1601816,1221,0,0,0,218,0,0,228.86,19.88928269,6/5/2022
2,TP HCM,8993082,10,0,0,0,611167,19984,0,0,0,22,0,0,20.71,6.795968279,6/5/2022
28,Thanh Hóa,3640128,8,0,0,0,167483,107,0,0,0,9,0,0,7.29,4.601019525,6/5/2022
29,Nghệ An,3327791,13,0,0,0,484844,145,0,0,0,49,0,0,38.57,14.56954478,6/5/2022
48,Đồng Nai,3097107,0,0,0,0,106637,1899,0,0,0,2,0,0,0.86,3.443116431,6/5/2022
44,Bình Dương,2426561,0,0,0,0,320892,3518,0,0,0,0,0,0.14,1.43,13.22414726,6/5/2022
51,An Giang,1908352,0,0,0,0,41254,1321,0,0,0,0,0,0,0.14,2.161760514,6/5/2022
21,Hải Dương,1892254,0,0,0,0,363308,114,0,0,0,21,0,0,21,19.19974803,6/5/2022
40,Đắk Lắk,1869322,0,0,0,0,170585,201,0,0,0,0,0,0,0,9.125501118,6/5/2022
26,Thái Bình,1860447,20,0,0,0,292428,23,0,0,0,20,0,0,21.29,15.71815806,6/5/2022
3,Hải Phòng,1837173,5,0,0,0,120005,135,0,0,0,26,0,0,17.43,6.532046791,6/5/2022
18,Bắc Giang,1803950,0,0,0,0,387614,91,0,0,0,0,0,0,3,21.48695917,6/5/2022
25,Nam Định,1780393,8,0,0,0,295679,149,0,0,0,8,0,0,15.86,16.60751306,6/5/2022
53,Tiền Giang,1764185,0,0,0,0,36212,1290,0,0,0,0,0,0,0,2.052619198,6/5/2022
54,Kiên Giang,1723067,0,0,0,0,39792,1027,0,0,0,0,0,0,0,2.309370442,6/5/2022
49,Long An,1688547,0,0,0,0,48979,1088,0,0,0,0,0,0,0,2.900659561,6/5/2022
50,Đồng Tháp,1599504,0,0,0,0,50593,1007,0,0,0,0,0,0,0.57,3.163043043,6/5/2022
38,Gia Lai,1513847,0,0,0,0,69489,116,0,0,0,0,0,0,2.43,4.590226093,6/5/2022
34,Quảng Nam,1495812,0,0,0,0,49217,150,0,0,0,0,0,0,0,3.290319907,6/5/2022
37,Bình Định,1486918,3,0,0,0,137069,281,0,0,0,0,0,0,4,9.218329457,6/5/2022
15,Phú Thọ,1463726,22,0,0,0,320625,97,0,0,0,37,0,0,35.86,21.90471441,6/5/2022
19,Bắc Ninh,1368840,0,0,0,0,344186,136,0,0,0,0,0,0,60.71,25.1443558,6/5/2022
17,Quảng Ninh,1320324,36,0,0,0,347782,139,0,0,0,39,0,0.14,201.43,26.34065578,6/5/2022
42,Lâm Đồng,1296606,4,0,0,0,92002,141,0,0,0,14,0,0,14,7.095601902,6/5/2022
30,Hà Tĩnh,1288866,7,0,0,0,50212,50,0,0,0,0,0,0,8.14,3.895827805,6/5/2022
56,Bến Tre,1288463,0,0,0,0,96616,482,0,0,0,0,0,0,1,7.498546718,6/5/2022
12,Thái Nguyên,1286751,25,0,0,0,185363,110,0,0,0,23,0,0,25,14.40550658,6/5/2022
22,Hưng Yên,1252731,7,0,0,0,239977,5,0,0,0,7,0,0,8.86,19.1563073,6/5/2022
14,Sơn La,1248415,14,0,0,0,150495,0,0,0,0,26,0,0,16.14,12.05488559,6/5/2022
55,Cần Thơ,1235171,0,0,0,0,76394,951,0,0,0,0,0,0,0,6.184892618,6/5/2022
35,Quảng Ngãi,1231697,0,0,0,0,47514,127,0,0,0,0,0,0,2,3.857604589,6/5/2022
41,Khánh Hòa,1231107,3,0,0,0,117793,361,0,0,0,4,0,0,2,9.568055417,6/5/2022
47,Bình Thuận,1230808,1,0,0,0,52505,477,0,0,0,14,0,0,3.71,4.265896874,6/5/2022
59,Sóc Trăng,1199653,0,0,0,0,34350,633,0,0,0,0,0,0,0,2.863327979,6/5/2022
61,Cà Mau,1194476,0,0,0,0,145892,357,0,0,0,0,0,0,1.14,12.21389128,6/5/2022
46,Tây Ninh,1169165,0,0,0,0,137700,916,0,0,0,0,0,0,2.71,11.77763618,6/5/2022
16,Vĩnh Phúc,1154154,46,0,0,0,368438,19,0,0,0,45,0,0,46.57,31.92277634,6/5/2022
52,Bà Rịa - Vũng Tàu,1148313,3,0,0,0,106910,495,0,0,0,7,0,0,7.71,9.310179367,6/5/2022
4,Đà Nẵng,1134310,9,0,0,0,98582,337,0,0,0,26,0,0,28.57,8.690922235,6/5/2022
33,Thừa Thiên Huế,1128620,6,0,0,0,46358,173,0,0,0,0,0,0,5.14,4.107494108,6/5/2022
57,Vĩnh Long,1022791,0,0,0,0,101064,828,0,0,0,0,0,0,0.86,9.881197625,6/5/2022
58,Trà Vinh,1009168,0,0,0,0,74647,115,0,0,0,0,0,0,0,7.396885355,6/5/2022
43,Bình Phước,994679,2,0,0,0,117356,224,0,0,0,2,0,0,3.43,11.79837918,6/5/2022
27,Ninh Bình,982487,3,0,0,0,99350,91,0,0,0,13,0,0,9.14,10.11209309,6/5/2022
39,Phú Yên,961152,0,0,0,0,42673,137,0,0,0,0,0,0,0.71,4.439776435,6/5/2022
60,Bạc Liêu,907236,0,0,0,0,46434,470,0,0,0,0,0,0,0.14,5.118183141,6/5/2022
31,Quảng Bình,895430,21,0,0,0,123821,74,0,0,0,22,0,0,23.14,13.82810493,6/5/2022
5,Hà Giang,854679,6,0,0,0,121915,80,0,0,0,10,0,0,13.86,14.26441974,6/5/2022
23,Hòa Bình,854131,4,0,0,0,236068,102,0,0,0,9,0,0,15.43,27.63838334,6/5/2022
24,Hà Nam,852800,13,0,0,0,84592,65,0,0,0,15,0,0,16.29,9.919324578,6/5/2022
13,Yên Bái,821030,79,0,0,0,148143,13,0,0,0,72,0,0,69,18.04355505,6/5/2022
9,Tuyên Quang,784811,31,0,0,0,142739,14,0,0,0,29,0,0,32.71,18.18769105,6/5/2022
10,Lạng Sơn,781655,6,0,0,0,156780,84,0,0,0,10,0,0,7.43,20.05744222,6/5/2022
64,Hậu Giang,733017,0,0,0,0,17085,231,0,0,0,1,0,0,0.29,2.33077814,6/5/2022
8,Lào Cai,730420,21,0,0,0,183108,38,0,0,0,35,0,0,28.71,25.06886449,6/5/2022
32,Quảng Trị,632375,18,0,0,0,81741,38,0,0,0,16,0,0,16.29,12.92603281,6/5/2022
63,Đắk Nông,622168,0,0,0,0,72953,47,0,0,0,0,0,0,0,11.72561109,6/5/2022
62,Điện Biên,598856,4,0,0,0,88229,20,0,0,0,7,0,0,5.86,14.73292411,6/5/2022
45,Ninh Thuận,590467,0,0,0,0,8639,60,0,0,0,0,0,0,0,1.463079224,6/5/2022
36,Kon Tum,540438,0,0,0,0,26139,1,0,0,0,0,0,0,0,4.836632509,6/5/2022
6,Cao Bằng,530341,8,0,0,0,95296,57,0,0,0,6,0,0,8.71,17.96881629,6/5/2022
7,Lai Châu,460196,8,0,0,0,73852,0,0,0,0,7,0,0,10.14,16.04794479,6/5/2022
11,Bắc Kạn,313905,4,0,0,0,74175,28,0,0,0,10,0,0,15,23.6297606,6/5/2022
1,Hà Nội,8053664,0,0,0,0,1601816,1221,0,0,0,207,0,0,165.57,19.88928269,6/6/2022
2,TP HCM,8993082,0,0,0,0,611167,19984,0,0,0,10,0,0,16.57,6.795968279,6/6/2022
28,Thanh Hóa,3640128,0,0,0,0,167483,107,0,0,0,8,0,0,6.43,4.601019525,6/6/2022
29,Nghệ An,3327791,0,0,0,0,484844,145,0,0,0,13,0,0,27,14.56954478,6/6/2022
48,Đồng Nai,3097107,0,0,0,0,106637,1899,0,0,0,0,0,0,0.71,3.443116431,6/6/2022
44,Bình Dương,2426561,0,0,0,0,320892,3518,0,0,0,0,0,0.14,1,13.22414726,6/6/2022
51,An Giang,1908352,0,0,0,0,41254,1321,0,0,0,0,0,0,0.14,2.161760514,6/6/2022
21,Hải Dương,1892254,0,0,0,0,363308,114,0,0,0,0,0,0,12.29,19.19974803,6/6/2022
40,Đắk Lắk,1869322,0,0,0,0,170585,201,0,0,0,0,0,0,0,9.125501118,6/6/2022
26,Thái Bình,1860447,0,0,0,0,292428,23,0,0,0,20,0,0,14.43,15.71815806,6/6/2022
3,Hải Phòng,1837173,0,0,0,0,120005,135,0,0,0,5,0,0,10,6.532046791,6/6/2022
18,Bắc Giang,1803950,0,0,0,0,387614,91,0,0,0,0,0,0,2.29,21.48695917,6/6/2022
25,Nam Định,1780393,0,0,0,0,295679,149,0,0,0,8,0,0,13.71,16.60751306,6/6/2022
53,Tiền Giang,1764185,0,0,0,0,36212,1290,0,0,0,0,0,0,0,2.052619198,6/6/2022
54,Kiên Giang,1723067,0,0,0,0,39792,1027,0,0,0,0,0,0,0,2.309370442,6/6/2022
49,Long An,1688547,0,0,0,0,48979,1088,0,0,0,0,0,0,0,2.900659561,6/6/2022
50,Đồng Tháp,1599504,0,0,0,0,50593,1007,0,0,0,0,0,0,0.29,3.163043043,6/6/2022
38,Gia Lai,1513847,0,0,0,0,69489,116,0,0,0,0,0,0,1.43,4.590226093,6/6/2022
34,Quảng Nam,1495812,0,0,0,0,49217,150,0,0,0,0,0,0,0,3.290319907,6/6/2022
37,Bình Định,1486918,0,0,0,0,137069,281,0,0,0,3,0,0,3.57,9.218329457,6/6/2022
15,Phú Thọ,1463726,0,0,0,0,320625,97,0,0,0,22,0,0,28.43,21.90471441,6/6/2022
19,Bắc Ninh,1368840,0,0,0,0,344186,136,0,0,0,0,0,0,22.86,25.1443558,6/6/2022
17,Quảng Ninh,1320324,0,0,0,0,347782,139,0,0,0,36,0,0.14,188.86,26.34065578,6/6/2022
42,Lâm Đồng,1296606,0,0,0,0,92002,141,0,0,0,4,0,0,12,7.095601902,6/6/2022
30,Hà Tĩnh,1288866,0,0,0,0,50212,50,0,0,0,7,0,0,4.86,3.895827805,6/6/2022
56,Bến Tre,1288463,0,0,0,0,96616,482,0,0,0,0,0,0,0.71,7.498546718,6/6/2022
12,Thái Nguyên,1286751,0,0,0,0,185363,110,0,0,0,25,0,0,17.14,14.40550658,6/6/2022
22,Hưng Yên,1252731,0,0,0,0,239977,5,0,0,0,7,0,0,5.71,19.1563073,6/6/2022
14,Sơn La,1248415,0,0,0,0,150495,0,0,0,0,14,0,0,13,12.05488559,6/6/2022
55,Cần Thơ,1235171,0,0,0,0,76394,951,0,0,0,0,0,0,0,6.184892618,6/6/2022
35,Quảng Ngãi,1231697,0,0,0,0,47514,127,0,0,0,0,0,0,1.14,3.857604589,6/6/2022
41,Khánh Hòa,1231107,0,0,0,0,117793,361,0,0,0,3,0,0,1.43,9.568055417,6/6/2022
47,Bình Thuận,1230808,0,0,0,0,52505,477,0,0,0,1,0,0,3.14,4.265896874,6/6/2022
59,Sóc Trăng,1199653,0,0,0,0,34350,633,0,0,0,0,0,0,0,2.863327979,6/6/2022
61,Cà Mau,1194476,0,0,0,0,145892,357,0,0,0,0,0,0,1,12.21389128,6/6/2022
46,Tây Ninh,1169165,0,0,0,0,137700,916,0,0,0,0,0,0,2.57,11.77763618,6/6/2022
16,Vĩnh Phúc,1154154,0,0,0,0,368438,19,0,0,0,46,0,0,36.86,31.92277634,6/6/2022
52,Bà Rịa - Vũng Tàu,1148313,0,0,0,0,106910,495,0,0,0,3,0,0,6.43,9.310179367,6/6/2022
4,Đà Nẵng,1134310,0,0,0,0,98582,337,0,0,0,9,0,0,20,8.690922235,6/6/2022
33,Thừa Thiên Huế,1128620,0,0,0,0,46358,173,0,0,0,6,0,0,4.43,4.107494108,6/6/2022
57,Vĩnh Long,1022791,0,0,0,0,101064,828,0,0,0,0,0,0,0.57,9.881197625,6/6/2022
58,Trà Vinh,1009168,0,0,0,0,74647,115,0,0,0,0,0,0,0,7.396885355,6/6/2022
43,Bình Phước,994679,0,0,0,0,117356,224,0,0,0,2,0,0,3.14,11.79837918,6/6/2022
27,Ninh Bình,982487,0,0,0,0,99350,91,0,0,0,3,0,0,8.43,10.11209309,6/6/2022
39,Phú Yên,961152,0,0,0,0,42673,137,0,0,0,0,0,0,0.71,4.439776435,6/6/2022
60,Bạc Liêu,907236,0,0,0,0,46434,470,0,0,0,0,0,0,0.14,5.118183141,6/6/2022
31,Quảng Bình,895430,0,0,0,0,123821,74,0,0,0,21,0,0,17.57,13.82810493,6/6/2022
5,Hà Giang,854679,0,0,0,0,121915,80,0,0,0,6,0,0,8.71,14.26441974,6/6/2022
23,Hòa Bình,854131,0,0,0,0,236068,102,0,0,0,4,0,0,11.29,27.63838334,6/6/2022
24,Hà Nam,852800,0,0,0,0,84592,65,0,0,0,13,0,0,14.71,9.919324578,6/6/2022
13,Yên Bái,821030,0,0,0,0,148143,13,0,0,0,79,0,0,50.57,18.04355505,6/6/2022
9,Tuyên Quang,784811,0,0,0,0,142739,14,0,0,0,31,0,0,22.71,18.18769105,6/6/2022
10,Lạng Sơn,781655,0,0,0,0,156780,84,0,0,0,6,0,0,5.57,20.05744222,6/6/2022
64,Hậu Giang,733017,0,0,0,0,17085,231,0,0,0,0,0,0,0.14,2.33077814,6/6/2022
8,Lào Cai,730420,0,0,0,0,183108,38,0,0,0,21,0,0,23.29,25.06886449,6/6/2022
32,Quảng Trị,632375,0,0,0,0,81741,38,0,0,0,18,0,0,13.57,12.92603281,6/6/2022
63,Đắk Nông,622168,0,0,0,0,72953,47,0,0,0,0,0,0,0,11.72561109,6/6/2022
62,Điện Biên,598856,0,0,0,0,88229,20,0,0,0,4,0,0,5,14.73292411,6/6/2022
45,Ninh Thuận,590467,0,0,0,0,8639,60,0,0,0,0,0,0,0,1.463079224,6/6/2022
36,Kon Tum,540438,0,0,0,0,26139,1,0,0,0,0,0,0,0,4.836632509,6/6/2022
6,Cao Bằng,530341,0,0,0,0,95296,57,0,0,0,8,0,0,7.71,17.96881629,6/6/2022
7,Lai Châu,460196,0,0,0,0,73852,0,0,0,0,8,0,0,8.14,16.04794479,6/6/2022
11,Bắc Kạn,313905,0,0,0,0,74175,28,0,0,0,4,0,0,12.14,23.6297606,6/6/2022
1,Hà Nội,8053664,0,0,0,0,1602024,1221,0,0,0,204,0,0,159.43,19.89186537,6/7/2022
2,TP HCM,8993082,0,0,0,0,611195,19984,0,0,0,28,0,0,16,6.796279629,6/7/2022
28,Thanh Hóa,3640128,0,0,0,0,167490,107,0,0,0,7,0,0,5.57,4.601211826,6/7/2022
29,Nghệ An,3327791,0,0,0,0,484848,145,0,0,0,4,0,0,22.57,14.56966498,6/7/2022
48,Đồng Nai,3097107,0,0,0,0,106638,1899,0,0,0,1,0,0,0.71,3.443148719,6/7/2022
44,Bình Dương,2426561,0,0,0,0,320892,3518,0,0,0,0,0,0,1,13.22414726,6/7/2022
51,An Giang,1908352,0,0,0,0,41254,1321,0,0,0,0,0,0,0.14,2.161760514,6/7/2022
21,Hải Dương,1892254,0,0,0,0,363350,114,0,0,0,42,0,0,15.14,19.2019676,6/7/2022
40,Đắk Lắk,1869322,0,0,0,0,170585,201,0,0,0,0,0,0,0,9.125501118,6/7/2022
26,Thái Bình,1860447,0,0,0,0,292443,23,0,0,0,15,0,0,13.29,15.71896431,6/7/2022
3,Hải Phòng,1837173,0,0,0,0,120019,135,0,0,0,14,0,0,9.43,6.532808832,6/7/2022
18,Bắc Giang,1803950,0,0,0,0,387617,91,0,0,0,3,0,0,1.71,21.48712547,6/7/2022
25,Nam Định,1780393,0,0,0,0,295684,149,0,0,0,5,0,0,7.43,16.6077939,6/7/2022
53,Tiền Giang,1764185,0,0,0,0,36212,1290,0,0,0,0,0,0,0,2.052619198,6/7/2022
54,Kiên Giang,1723067,0,0,0,0,39796,1027,0,0,0,4,0,0,0.57,2.309602587,6/7/2022
49,Long An,1688547,0,0,0,0,48979,1088,0,0,0,0,0,0,0,2.900659561,6/7/2022
50,Đồng Tháp,1599504,0,0,0,0,50595,1007,0,0,0,2,0,0,0.57,3.163168082,6/7/2022
38,Gia Lai,1513847,0,0,0,0,69492,116,0,0,0,3,0,0,1.86,4.590424263,6/7/2022
34,Quảng Nam,1495812,0,0,0,0,49217,150,0,0,0,0,0,0,0,3.290319907,6/7/2022
37,Bình Định,1486918,0,0,0,0,137070,281,0,0,0,1,0,0,3.43,9.218396711,6/7/2022
15,Phú Thọ,1463726,0,0,0,0,320650,97,0,0,0,25,0,0,23.57,21.90642238,6/7/2022
19,Bắc Ninh,1368840,0,0,0,0,344262,136,0,0,0,76,0,0,33.71,25.14990795,6/7/2022
17,Quảng Ninh,1320324,0,0,0,0,347811,139,0,0,0,29,0,0.14,187.43,26.34285221,6/7/2022
42,Lâm Đồng,1296606,0,0,0,0,92007,141,0,0,0,5,0,0,10.14,7.095987524,6/7/2022
30,Hà Tĩnh,1288866,0,0,0,0,50212,50,0,0,0,0,0,0,2.71,3.895827805,6/7/2022
56,Bến Tre,1288463,0,0,0,0,96617,482,0,0,0,1,0,0,0.71,7.49862433,6/7/2022
12,Thái Nguyên,1286751,0,0,0,0,185384,110,0,0,0,21,0,0,16.71,14.4071386,6/7/2022
22,Hưng Yên,1252731,0,0,0,0,239988,5,0,0,0,11,0,0,6.43,19.15718538,6/7/2022
14,Sơn La,1248415,0,0,0,0,150511,0,0,0,0,16,0,0,12.43,12.05616722,6/7/2022
55,Cần Thơ,1235171,0,0,0,0,76394,951,0,0,0,0,0,0,0,6.184892618,6/7/2022
35,Quảng Ngãi,1231697,0,0,0,0,47520,127,0,0,0,6,0,0,1.57,3.858091722,6/7/2022
41,Khánh Hòa,1231107,0,0,0,0,117794,361,0,0,0,1,0,0,1.43,9.568136644,6/7/2022
47,Bình Thuận,1230808,0,0,0,0,52506,477,0,0,0,1,0,0,3.29,4.265978122,6/7/2022
59,Sóc Trăng,1199653,0,0,0,0,34350,633,0,0,0,0,0,0,0,2.863327979,6/7/2022
61,Cà Mau,1194476,0,0,0,0,145892,357,0,0,0,0,0,0,0.43,12.21389128,6/7/2022
46,Tây Ninh,1169165,0,0,0,0,137702,916,0,0,0,2,0,0,2.86,11.77780724,6/7/2022
16,Vĩnh Phúc,1154154,0,0,0,0,368479,19,0,0,0,41,0,0,34,31.92632872,6/7/2022
52,Bà Rịa - Vũng Tàu,1148313,0,0,0,0,106911,495,0,0,0,1,0,0,5.14,9.310266452,6/7/2022
4,Đà Nẵng,1134310,0,0,0,0,98592,337,0,0,0,10,0,0,18.57,8.691803828,6/7/2022
33,Thừa Thiên Huế,1128620,0,0,0,0,46358,173,0,0,0,0,0,0,3.29,4.107494108,6/7/2022
57,Vĩnh Long,1022791,0,0,0,0,101064,829,0,0,1,0,0,0.14,0.57,9.881197625,6/7/2022
58,Trà Vinh,1009168,0,0,0,0,74647,115,0,0,0,0,0,0,0,7.396885355,6/7/2022
43,Bình Phước,994679,0,0,0,0,117358,224,0,0,0,2,0,0,2.43,11.79858025,6/7/2022
27,Ninh Bình,982487,0,0,0,0,99350,91,0,0,0,0,0,0,6.86,10.11209309,6/7/2022
39,Phú Yên,961152,0,0,0,0,42679,137,0,0,0,6,0,0,1.57,4.440400686,6/7/2022
60,Bạc Liêu,907236,0,0,0,0,46434,470,0,0,0,0,0,0,0.14,5.118183141,6/7/2022
31,Quảng Bình,895430,0,0,0,0,123834,74,0,0,0,13,0,0,17.71,13.82955675,6/7/2022
5,Hà Giang,854679,0,0,0,0,121925,80,0,0,0,10,0,0,8,14.26558977,6/7/2022
23,Hòa Bình,854131,0,0,0,0,236084,102,0,0,0,16,0,0,10.43,27.64025659,6/7/2022
24,Hà Nam,852800,0,0,0,0,84601,65,0,0,0,9,0,0,14.43,9.920379925,6/7/2022
13,Yên Bái,821030,0,0,0,0,148207,13,0,0,0,64,0,0,48.57,18.05135013,6/7/2022
9,Tuyên Quang,784811,0,0,0,0,142755,14,0,0,0,16,0,0,21,18.18972976,6/7/2022
10,Lạng Sơn,781655,0,0,0,0,156787,84,0,0,0,7,0,0,5.29,20.05833776,6/7/2022
64,Hậu Giang,733017,0,0,0,0,17085,231,0,0,0,0,0,0,0.14,2.33077814,6/7/2022
8,Lào Cai,730420,0,0,0,0,183124,38,0,0,0,16,0,0,20.86,25.07105501,6/7/2022
32,Quảng Trị,632375,0,0,0,0,81748,38,0,0,0,7,0,0,12.86,12.92713975,6/7/2022
63,Đắk Nông,622168,0,0,0,0,72977,47,0,0,0,24,0,0,3.43,11.72946857,6/7/2022
62,Điện Biên,598856,0,0,0,0,88232,20,0,0,0,3,0,0,5,14.73342506,6/7/2022
45,Ninh Thuận,590467,0,0,0,0,8639,60,0,0,0,0,0,0,0,1.463079224,6/7/2022
36,Kon Tum,540438,0,0,0,0,26139,1,0,0,0,0,0,0,0,4.836632509,6/7/2022
6,Cao Bằng,530341,0,0,0,0,95303,57,0,0,0,7,0,0,6.86,17.9701362,6/7/2022
7,Lai Châu,460196,0,0,0,0,73856,0,0,0,0,4,0,0,8.71,16.04881398,6/7/2022
11,Bắc Kạn,313905,0,0,0,0,74194,28,0,0,0,19,0,0,12.86,23.63581338,6/7/2022
1,Hà Nội,8053664,0,0,0,0,1602216,1221,0,0,0,192,0,0,151.86,19.89424938,6/8/2022
2,TP HCM,8993082,0,0,0,0,611230,19984,0,0,0,35,0,0,17.29,6.796668817,6/8/2022
28,Thanh Hóa,3640128,0,0,0,0,167499,107,0,0,0,9,0,0,6,4.60145907,6/8/2022
29,Nghệ An,3327791,0,0,0,0,484896,145,0,0,0,48,0,0,21.43,14.57110738,6/8/2022
48,Đồng Nai,3097107,0,0,0,0,106640,1899,0,0,0,2,0,0,1,3.443213296,6/8/2022
44,Bình Dương,2426561,0,0,0,0,320892,3518,0,0,0,0,0,0,0.86,13.22414726,6/8/2022
51,An Giang,1908352,0,0,0,0,41254,1321,0,0,0,0,0,0,0.14,2.161760514,6/8/2022
21,Hải Dương,1892254,0,0,0,0,363385,114,0,0,0,35,0,0,18.14,19.20381725,6/8/2022
40,Đắk Lắk,1869322,0,0,0,0,170585,201,0,0,0,0,0,0,0,9.125501118,6/8/2022
26,Thái Bình,1860447,0,0,0,0,292451,23,0,0,0,18,0,0,11.57,15.71939432,6/8/2022
3,Hải Phòng,1837173,0,0,0,0,120061,135,0,0,0,42,0,0,15.43,6.535094953,6/8/2022
18,Bắc Giang,1803950,0,0,0,0,387626,91,0,0,0,9,0,0,2.43,21.48762438,6/8/2022
25,Nam Định,1780393,0,0,0,0,295694,149,0,0,0,10,0,0,7.29,16.60835557,6/8/2022
53,Tiền Giang,1764185,0,0,0,0,36212,1290,0,0,0,0,0,0,0,2.052619198,6/8/2022
54,Kiên Giang,1723067,0,0,0,0,39797,1027,0,0,0,1,0,0,0.71,2.309660623,6/8/2022
49,Long An,1688547,0,0,0,0,48979,1088,0,0,0,0,0,0,0,2.900659561,6/8/2022
50,Đồng Tháp,1599504,0,0,0,0,50595,1007,0,0,0,0,0,0,0.43,3.163168082,6/8/2022
38,Gia Lai,1513847,0,0,0,0,69495,116,0,0,0,3,0,0,1.57,4.590622434,6/8/2022
34,Quảng Nam,1495812,0,0,0,0,49217,150,0,0,0,0,0,0,0,3.290319907,6/8/2022
37,Bình Định,1486918,0,0,0,0,137070,281,0,0,0,0,0,0,0.86,9.218396711,6/8/2022
15,Phú Thọ,1463726,0,0,0,0,320705,97,0,0,0,55,0,0,25.43,21.91017991,6/8/2022
19,Bắc Ninh,1368840,0,0,0,0,344293,136,0,0,0,31,0,0,31.86,25.15217264,6/8/2022
17,Quảng Ninh,1320324,0,0,0,0,347836,139,0,0,0,25,0,0.14,184.14,26.34474568,6/8/2022
42,Lâm Đồng,1296606,0,0,0,0,92017,141,0,0,0,10,0,0,9.71,7.096758769,6/8/2022
30,Hà Tĩnh,1288866,0,0,0,0,50227,50,0,0,0,15,0,0,3.14,3.896991619,6/8/2022
56,Bến Tre,1288463,0,0,0,0,96617,482,0,0,0,0,0,0,0.71,7.49862433,6/8/2022
12,Thái Nguyên,1286751,0,0,0,0,185406,110,0,0,0,22,0,0,16.57,14.40884833,6/8/2022
22,Hưng Yên,1252731,0,0,0,0,239998,5,0,0,0,10,0,0,5.86,19.15798364,6/8/2022
14,Sơn La,1248415,0,0,0,0,150529,0,0,0,0,18,0,0,13.71,12.05760905,6/8/2022
55,Cần Thơ,1235171,0,0,0,0,76395,951,0,0,0,1,0,0,0.14,6.184973579,6/8/2022
35,Quảng Ngãi,1231697,0,0,0,0,47520,127,0,0,0,0,0,0,1.57,3.858091722,6/8/2022
41,Khánh Hòa,1231107,0,0,0,0,117796,361,0,0,0,2,0,0,1.71,9.5682991,6/8/2022
47,Bình Thuận,1230808,0,0,0,0,52511,477,0,0,0,5,0,0,3,4.266384359,6/8/2022
59,Sóc Trăng,1199653,0,0,0,0,34350,633,0,0,0,0,0,0,0,2.863327979,6/8/2022
61,Cà Mau,1194476,0,0,0,0,145894,357,0,0,0,2,0,0,0.71,12.21405872,6/8/2022
46,Tây Ninh,1169165,0,0,0,0,137702,916,0,0,0,0,0,0,2.86,11.77780724,6/8/2022
16,Vĩnh Phúc,1154154,0,0,0,0,368519,19,0,0,0,40,0,0,31,31.92979446,6/8/2022
52,Bà Rịa - Vũng Tàu,1148313,0,0,0,0,106917,495,0,0,0,6,0,0,4.57,9.310788957,6/8/2022
4,Đà Nẵng,1134310,0,0,0,0,98646,337,0,0,0,54,0,0,21.57,8.696564431,6/8/2022
33,Thừa Thiên Huế,1128620,0,0,0,0,46358,173,0,0,0,0,0,0,2.71,4.107494108,6/8/2022
57,Vĩnh Long,1022791,0,0,0,0,101064,829,0,0,0,0,0,0.14,0.43,9.881197625,6/8/2022
58,Trà Vinh,1009168,0,0,0,0,74647,115,0,0,0,0,0,0,0,7.396885355,6/8/2022
43,Bình Phước,994679,0,0,0,0,117366,224,0,0,0,8,0,0,2.86,11.79938453,6/8/2022
27,Ninh Bình,982487,0,0,0,0,99353,91,0,0,0,3,0,0,4.86,10.11239843,6/8/2022
39,Phú Yên,961152,0,0,0,0,42679,137,0,0,0,0,0,0,1.57,4.440400686,6/8/2022
60,Bạc Liêu,907236,0,0,0,0,46434,470,0,0,0,0,0,0,0.14,5.118183141,6/8/2022
31,Quảng Bình,895430,0,0,0,0,123850,74,0,0,0,16,0,0,14.71,13.8313436,6/8/2022
5,Hà Giang,854679,0,0,0,0,121937,80,0,0,0,12,0,0,8.71,14.26699381,6/8/2022
23,Hòa Bình,854131,0,0,0,0,236112,102,0,0,0,28,0,0,11.57,27.64353477,6/8/2022
24,Hà Nam,852800,0,0,0,0,84615,65,0,0,0,14,0,0,13.57,9.922021576,6/8/2022
13,Yên Bái,821030,0,0,0,0,148274,13,0,0,0,67,0,0,48.57,18.05951061,6/8/2022
9,Tuyên Quang,784811,0,0,0,0,142779,14,0,0,0,24,0,0,19.57,18.19278782,6/8/2022
10,Lạng Sơn,781655,0,0,0,0,156798,84,0,0,0,11,0,0,6,20.05974503,6/8/2022
64,Hậu Giang,733017,0,0,0,0,17085,231,0,0,0,0,0,0,0.14,2.33077814,6/8/2022
8,Lào Cai,730420,0,0,0,0,183158,38,0,0,0,34,0,0,21.14,25.07570987,6/8/2022
32,Quảng Trị,632375,0,0,0,0,81763,38,0,0,0,15,0,0,11,12.92951176,6/8/2022
63,Đắk Nông,622168,0,0,0,0,72977,47,0,0,0,0,0,0,3.43,11.72946857,6/8/2022
62,Điện Biên,598856,0,0,0,0,88238,20,0,0,0,6,0,0,5.86,14.73442697,6/8/2022
45,Ninh Thuận,590467,0,0,0,0,8639,60,0,0,0,0,0,0,0,1.463079224,6/8/2022
36,Kon Tum,540438,0,0,0,0,26139,1,0,0,0,0,0,0,0,4.836632509,6/8/2022
6,Cao Bằng,530341,0,0,0,0,95309,57,0,0,0,6,0,0,6.57,17.97126754,6/8/2022
7,Lai Châu,460196,0,0,0,0,73856,0,0,0,0,0,0,0,5.43,16.04881398,6/8/2022
11,Bắc Kạn,313905,0,0,0,0,74210,28,0,0,0,16,0,0,11.57,23.64091047,6/8/2022
1,Hà Nội,8053664,0,0,0,0,1602403,1221,0,0,0,187,0,0,144.57,19.8965713,6/9/2022
2,TP HCM,8993082,0,0,0,0,611256,19984,0,0,0,26,0,0,17.29,6.796957928,6/9/2022
28,Thanh Hóa,3640128,0,0,0,0,167507,107,0,0,0,8,0,0,5.86,4.601678842,6/9/2022
29,Nghệ An,3327791,0,0,0,0,484945,145,0,0,0,49,0,0,23.29,14.57257983,6/9/2022
48,Đồng Nai,3097107,0,0,0,0,106641,1899,0,0,0,1,0,0,0.86,3.443245584,6/9/2022
44,Bình Dương,2426561,0,0,0,0,320899,3518,0,0,0,7,0,0,1,13.22443573,6/9/2022
51,An Giang,1908352,0,0,0,0,41254,1321,0,0,0,0,0,0,0.14,2.161760514,6/9/2022
21,Hải Dương,1892254,0,0,0,0,363407,114,0,0,0,22,0,0,17.14,19.20497988,6/9/2022
40,Đắk Lắk,1869322,0,0,0,0,170585,201,0,0,0,0,0,0,0,9.125501118,6/9/2022
26,Thái Bình,1860447,0,0,0,0,292467,23,0,0,0,16,0,0,11.29,15.72025433,6/9/2022
3,Hải Phòng,1837173,0,0,0,0,120061,135,0,0,0,0,0,0,12.43,6.535094953,6/9/2022
18,Bắc Giang,1803950,0,0,0,0,387629,91,0,0,0,3,0,0,2.14,21.48779068,6/9/2022
25,Nam Định,1780393,0,0,0,0,295713,149,0,0,0,19,0,0,7.14,16.60942275,6/9/2022
53,Tiền Giang,1764185,0,0,0,0,36212,1290,0,0,0,0,0,0,0,2.052619198,6/9/2022
54,Kiên Giang,1723067,0,0,0,0,39797,1027,0,0,0,0,0,0,0.71,2.309660623,6/9/2022
49,Long An,1688547,0,0,0,0,48979,1088,0,0,0,0,0,0,0,2.900659561,6/9/2022
50,Đồng Tháp,1599504,0,0,0,0,50595,1007,0,0,0,0,0,0,0.29,3.163168082,6/9/2022
38,Gia Lai,1513847,0,0,0,0,69500,116,0,0,0,5,0,0,2.29,4.590952718,6/9/2022
34,Quảng Nam,1495812,0,0,0,0,49217,150,0,0,0,0,0,0,0,3.290319907,6/9/2022
37,Bình Định,1486918,0,0,0,0,137072,281,0,0,0,2,0,0,0.86,9.218531217,6/9/2022
15,Phú Thọ,1463726,0,0,0,0,320740,97,0,0,0,35,0,0,24.86,21.91257107,6/9/2022
19,Bắc Ninh,1368840,0,0,0,0,344350,136,0,0,0,57,0,0,23.43,25.15633675,6/9/2022
17,Quảng Ninh,1320324,0,0,0,0,347863,139,0,0,0,27,0,0,22.29,26.34679064,6/9/2022
42,Lâm Đồng,1296606,0,0,0,0,92027,141,0,0,0,10,0,0,8.57,7.097530013,6/9/2022
30,Hà Tĩnh,1288866,0,0,0,0,50240,50,0,0,0,13,0,0,5,3.898000258,6/9/2022
56,Bến Tre,1288463,0,0,0,0,96617,482,0,0,0,0,0,0,0.57,7.49862433,6/9/2022
12,Thái Nguyên,1286751,0,0,0,0,185429,110,0,0,0,23,0,0,16.29,14.41063578,6/9/2022
22,Hưng Yên,1252731,0,0,0,0,240013,5,0,0,0,17,0,0,7.14,19.15918102,6/9/2022
14,Sơn La,1248415,0,0,0,0,150540,0,0,0,0,11,0,0,12.14,12.05849017,6/9/2022
55,Cần Thơ,1235171,0,0,0,0,76395,951,0,0,0,1,0,0,0.14,6.184973579,6/9/2022
35,Quảng Ngãi,1231697,0,0,0,0,47526,127,0,0,0,6,0,0,2.14,3.858578855,6/9/2022
41,Khánh Hòa,1231107,0,0,0,0,117798,361,0,0,0,2,0,0,1.71,9.568461555,6/9/2022
47,Bình Thuận,1230808,0,0,0,0,52512,477,0,0,0,1,0,0,3.14,4.266465606,6/9/2022
59,Sóc Trăng,1199653,0,0,0,0,34350,633,0,0,0,0,0,0,0,2.863327979,6/9/2022
61,Cà Mau,1194476,0,0,0,0,145894,357,0,0,0,0,0,0,0.29,12.21405872,6/9/2022
46,Tây Ninh,1169165,0,0,0,0,137706,916,0,0,0,4,0,0,0.86,11.77814936,6/9/2022
16,Vĩnh Phúc,1154154,0,0,0,0,368552,19,0,0,0,33,0,0,29.29,31.9326537,6/9/2022
52,Bà Rịa - Vũng Tàu,1148313,0,0,0,0,106923,495,0,0,0,6,0,0,4.43,9.311311463,6/9/2022
4,Đà Nẵng,1134310,0,0,0,0,98684,337,0,0,0,38,0,0,23.86,8.699914485,6/9/2022
33,Thừa Thiên Huế,1128620,0,0,0,0,46365,173,0,0,0,7,0,0,3.43,4.108114334,6/9/2022
57,Vĩnh Long,1022791,0,0,0,0,101064,829,0,0,0,0,0,0.14,0.29,9.881197625,6/9/2022
58,Trà Vinh,1009168,0,0,0,0,74647,115,0,0,0,0,0,0,0,7.396885355,6/9/2022
43,Bình Phước,994679,0,0,0,0,117374,224,0,0,0,8,0,0,3.14,11.8001888,6/9/2022
27,Ninh Bình,982487,0,0,0,0,99363,91,0,0,0,10,0,0,5.14,10.11341626,6/9/2022
39,Phú Yên,961152,0,0,0,0,42679,137,0,0,0,0,0,0,0.86,4.440400686,6/9/2022
60,Bạc Liêu,907236,0,0,0,0,46434,470,0,0,0,0,0,0,0.14,5.118183141,6/9/2022
31,Quảng Bình,895430,0,0,0,0,123877,74,0,0,0,27,0,0,14.14,13.83435891,6/9/2022
5,Hà Giang,854679,0,0,0,0,121960,80,0,0,0,23,0,0,8.71,14.26968488,6/9/2022
23,Hòa Bình,854131,0,0,0,0,236121,102,0,0,0,9,0,0,11.43,27.64458848,6/9/2022
24,Hà Nam,852800,0,0,0,0,84629,65,0,0,0,14,0,0,13.71,9.923663227,6/9/2022
13,Yên Bái,821030,0,0,0,0,148341,13,0,0,0,67,0,0,49.86,18.0676711,6/9/2022
9,Tuyên Quang,784811,0,0,0,0,142800,14,0,0,0,21,0,0,17.29,18.19546362,6/9/2022
10,Lạng Sơn,781655,0,0,0,0,156811,84,0,0,0,13,0,0,6.71,20.06140817,6/9/2022
64,Hậu Giang,733017,0,0,0,0,17085,231,0,0,0,0,0,0,0.14,2.33077814,6/9/2022
8,Lào Cai,730420,0,0,0,0,183193,38,0,0,0,35,0,0,20.14,25.08050163,6/9/2022
32,Quảng Trị,632375,0,0,0,0,81763,38,0,0,0,12,0,0,9,12.92951176,6/9/2022
63,Đắk Nông,622168,0,0,0,0,72977,47,0,0,0,0,0,0,3.43,11.72946857,6/9/2022
62,Điện Biên,598856,0,0,0,0,88241,20,0,0,0,3,0,0,4.14,14.73492793,6/9/2022
45,Ninh Thuận,590467,0,0,0,0,8639,60,0,0,0,0,0,0,0,1.463079224,6/9/2022
36,Kon Tum,540438,0,0,0,0,26139,1,0,0,0,0,0,0,0,4.836632509,6/9/2022
6,Cao Bằng,530341,0,0,0,0,95315,57,0,0,0,6,0,0,5.86,17.97239889,6/9/2022
7,Lai Châu,460196,0,0,0,0,73862,0,0,0,0,6,0,0,4.86,16.05011778,6/9/2022
11,Bắc Kạn,313905,0,0,0,0,74234,28,0,0,0,24,0,0,12.86,23.64855609,6/9/2022
1,Hà Nội,8053664,0,0,0,0,1602944,1221,0,0,0,176,0,0,161.14,19.90328874,6/10/2022
2,TP HCM,8993082,0,0,0,0,611320,19984,0,0,0,22,0,0,21.86,6.797669586,6/10/2022
28,Thanh Hóa,3640128,0,0,0,0,167525,107,0,0,0,5,0,0,6,4.60217333,6/10/2022
29,Nghệ An,3327791,0,0,0,0,485074,145,0,0,0,53,0,0,32.86,14.57645627,6/10/2022
48,Đồng Nai,3097107,0,0,0,0,106643,1899,0,0,0,1,0,0,0.86,3.44331016,6/10/2022
44,Bình Dương,2426561,0,0,0,0,320899,3518,0,0,0,0,0,0,1,13.22443573,6/10/2022
51,An Giang,1908352,0,0,0,0,41256,1321,0,0,0,0,0,0,0.29,2.161865316,6/10/2022
21,Hải Dương,1892254,0,0,0,0,363456,114,0,0,0,9,0,0,21.14,19.20756939,6/10/2022
40,Đắk Lắk,1869322,0,0,0,0,170585,201,0,0,0,0,0,0,0,9.125501118,6/10/2022
26,Thái Bình,1860447,0,0,0,0,292526,23,0,0,0,22,0,0,14,15.72342561,6/10/2022
3,Hải Phòng,1837173,0,0,0,0,120094,135,0,0,0,7,0,0,12.71,6.536891191,6/10/2022
18,Bắc Giang,1803950,0,0,0,0,387663,91,0,0,0,7,0,0,7,21.48967543,6/10/2022
25,Nam Định,1780393,0,0,0,0,295769,149,0,0,0,18,0,0,12.86,16.61256812,6/10/2022
53,Tiền Giang,1764185,0,0,0,0,36212,1290,0,0,0,0,0,0,0,2.052619198,6/10/2022
54,Kiên Giang,1723067,0,0,0,0,39798,1027,0,0,0,0,0,0,0.86,2.309718659,6/10/2022
49,Long An,1688547,0,0,0,0,48979,1088,0,0,0,0,0,0,0,2.900659561,6/10/2022
50,Đồng Tháp,1599504,0,0,0,0,50603,1007,0,0,0,1,0,0,1.43,3.163668237,6/10/2022
38,Gia Lai,1513847,0,0,0,0,69510,116,0,0,0,0,0,0,3,4.591613287,6/10/2022
34,Quảng Nam,1495812,0,0,0,0,49217,150,0,0,0,0,0,0,0,3.290319907,6/10/2022
37,Bình Định,1486918,0,0,0,0,137074,281,0,0,0,2,0,0,0.71,9.218665723,6/10/2022
15,Phú Thọ,1463726,0,0,0,0,320895,97,0,0,0,47,0,0,38.57,21.92316048,6/10/2022
19,Bắc Ninh,1368840,0,0,0,0,344427,136,0,0,0,0,0,0,34.43,25.16196195,6/10/2022
17,Quảng Ninh,1320324,0,0,0,0,347943,139,0,0,0,27,0,0,23,26.35284976,6/10/2022
42,Lâm Đồng,1296606,0,0,0,0,92060,141,0,0,0,12,0,0,8.29,7.100075119,6/10/2022
30,Hà Tĩnh,1288866,0,0,0,0,50262,50,0,0,0,0,0,0,7.14,3.899707184,6/10/2022
56,Bến Tre,1288463,0,0,0,0,97478,482,0,0,0,5,0,0,123.14,7.565448135,6/10/2022
12,Thái Nguyên,1286751,0,0,0,0,185493,110,0,0,0,21,0,0,18.57,14.41560955,6/10/2022
22,Hưng Yên,1252731,0,0,0,0,240056,5,0,0,0,16,0,0,11.29,19.16261352,6/10/2022
14,Sơn La,1248415,0,0,0,0,150601,0,0,0,0,21,0,0,15.14,12.06337636,6/10/2022
55,Cần Thơ,1235171,0,0,0,0,76397,951,0,0,0,0,0,0,0.43,6.185135499,6/10/2022
35,Quảng Ngãi,1231697,0,0,0,0,47540,127,0,0,0,0,0,0,3.71,3.859715498,6/10/2022
41,Khánh Hòa,1231107,0,0,0,0,117809,361,0,0,0,0,0,0,2.29,9.56935506,6/10/2022
47,Bình Thuận,1230808,0,0,0,0,52514,477,0,0,0,1,0,0,1.29,4.266628101,6/10/2022
59,Sóc Trăng,1199653,0,0,0,0,34350,633,0,0,0,0,0,0,0,2.863327979,6/10/2022
61,Cà Mau,1194476,0,0,0,0,145894,357,0,0,0,0,0,0,0.29,12.21405872,6/10/2022
46,Tây Ninh,1169165,0,0,0,0,137715,918,0,0,1,0,0,0.29,2.14,11.77891914,6/10/2022
16,Vĩnh Phúc,1154154,0,0,0,0,368641,19,0,0,0,16,0,0,29,31.94036498,6/10/2022
52,Bà Rịa - Vũng Tàu,1148313,0,0,0,0,106949,495,0,0,0,2,0,0,5.57,9.313575654,6/10/2022
4,Đà Nẵng,1134310,0,0,0,0,98763,337,0,0,0,2,0,0,25.86,8.706879072,6/10/2022
33,Thừa Thiên Huế,1128620,0,0,0,0,46365,173,0,0,0,0,0,0,1,4.108114334,6/10/2022
57,Vĩnh Long,1022791,0,0,0,0,101066,829,0,0,0,0,0,0.14,0.29,9.881393168,6/10/2022
58,Trà Vinh,1009168,0,0,0,0,74647,115,0,0,0,0,0,0,0,7.396885355,6/10/2022
43,Bình Phước,994679,0,0,0,0,117393,224,0,0,0,1,0,0,5.29,11.80209897,6/10/2022
27,Ninh Bình,982487,0,0,0,0,99387,91,0,0,0,8,0,0,5.29,10.11585904,6/10/2022
39,Phú Yên,961152,0,0,0,0,42681,137,0,0,0,0,0,0,1.14,4.440608769,6/10/2022
60,Bạc Liêu,907236,0,0,0,0,46434,470,0,0,0,0,0,0,0,5.118183141,6/10/2022
31,Quảng Bình,895430,0,0,0,0,123924,74,0,0,0,17,0,0,14.71,13.83960779,6/10/2022
5,Hà Giang,854679,0,0,0,0,121998,80,0,0,0,8,0,0,11.86,14.27413099,6/10/2022
23,Hòa Bình,854131,0,0,0,0,236162,102,0,0,0,13,0,0,13.43,27.64938868,6/10/2022
24,Hà Nam,852800,0,0,0,0,84666,65,0,0,0,11,0,0,10.57,9.928001876,6/10/2022
13,Yên Bái,821030,0,0,0,0,148532,13,0,0,0,60,0,0,55.57,18.09093456,6/10/2022
9,Tuyên Quang,784811,0,0,0,0,142861,14,0,0,0,22,0,0,17.43,18.20323619,6/10/2022
10,Lạng Sơn,781655,0,0,0,0,156841,84,0,0,0,9,0,0,8.71,20.06524618,6/10/2022
64,Hậu Giang,733017,0,0,0,0,17087,231,0,0,0,1,0,0,0.29,2.331050985,6/10/2022
8,Lào Cai,730420,0,0,0,0,183282,38,0,0,0,31,0,0,24.86,25.0926864,6/10/2022
32,Quảng Trị,632375,0,0,0,0,81783,38,0,0,0,4,0,0,6,12.93267444,6/10/2022
63,Đắk Nông,622168,0,0,0,0,72977,47,0,0,0,0,0,0,3.43,11.72946857,6/10/2022
62,Điện Biên,598856,0,0,0,0,88252,20,0,0,0,4,0,0,3.29,14.73676476,6/10/2022
45,Ninh Thuận,590467,0,0,0,0,8639,60,0,0,0,0,0,0,0,1.463079224,6/10/2022
36,Kon Tum,540438,0,0,0,0,26139,1,0,0,0,0,0,0,0,4.836632509,6/10/2022
6,Cao Bằng,530341,0,0,0,0,95341,57,0,0,0,10,0,0,6.43,17.9773014,6/10/2022
7,Lai Châu,460196,0,0,0,0,73882,0,0,0,0,4,0,0,4.29,16.05446375,6/10/2022
11,Bắc Kạn,313905,0,0,0,0,74274,28,0,0,0,14,0,0,14.14,23.6612988,6/10/2022
1,Hà Nội,8053664,0,0,0,0,1603114,1221,0,0,0,170,0,0,155.71,19.90539958,6/11/2022
2,TP HCM,8993082,0,0,0,0,611336,19984,0,0,0,16,0,0,20.14,6.797847501,6/11/2022
28,Thanh Hóa,3640128,0,0,0,0,167531,107,0,0,0,6,0,0,5.86,4.60233816,6/11/2022
29,Nghệ An,3327791,0,0,0,0,485096,145,0,0,0,22,0,0,35.43,14.57711737,6/11/2022
48,Đồng Nai,3097107,0,0,0,0,106643,1899,0,0,0,0,0,0,0.71,3.44331016,6/11/2022
44,Bình Dương,2426561,0,0,0,0,320899,3518,0,0,0,0,0,0,1,13.22443573,6/11/2022
51,An Giang,1908352,0,0,0,0,41256,1321,0,0,0,0,0,0,0.29,2.161865316,6/11/2022
21,Hải Dương,1892254,0,0,0,0,363462,114,0,0,0,6,0,0,16,19.20788647,6/11/2022
40,Đắk Lắk,1869322,0,0,0,0,170585,201,0,0,0,0,0,0,0,9.125501118,6/11/2022
26,Thái Bình,1860447,0,0,0,0,292542,23,0,0,0,16,0,0,14.14,15.72428562,6/11/2022
3,Hải Phòng,1837173,0,0,0,0,120097,135,0,0,0,3,0,0,11.14,6.537054485,6/11/2022
18,Bắc Giang,1803950,0,0,0,0,387663,91,0,0,0,0,0,0,6.57,21.48967543,6/11/2022
25,Nam Định,1780393,0,0,0,0,295772,149,0,0,0,3,0,0,12.57,16.61273663,6/11/2022
53,Tiền Giang,1764185,0,0,0,0,36212,1290,0,0,0,0,0,0,0,2.052619198,6/11/2022
54,Kiên Giang,1723067,0,0,0,0,39798,1027,0,0,0,0,0,0,0.29,2.309718659,6/11/2022
49,Long An,1688547,0,0,0,0,48979,1088,0,0,0,0,0,0,0,2.900659561,6/11/2022
50,Đồng Tháp,1599504,0,0,0,0,50603,1007,0,0,0,0,0,0,1.14,3.163668237,6/11/2022
38,Gia Lai,1513847,0,0,0,0,69510,116,0,0,0,0,0,0,2.57,4.591613287,6/11/2022
34,Quảng Nam,1495812,0,0,0,0,49217,150,0,0,0,0,0,0,0,3.290319907,6/11/2022
37,Bình Định,1486918,0,0,0,0,137076,281,0,0,0,2,0,0,0.86,9.21880023,6/11/2022
15,Phú Thọ,1463726,0,0,0,0,320913,97,0,0,0,18,0,0,37.57,21.92439022,6/11/2022
19,Bắc Ninh,1368840,0,0,0,0,344427,136,0,0,0,0,0,0,23.57,25.16196195,6/11/2022
17,Quảng Ninh,1320324,0,0,0,0,347968,139,0,0,0,25,0,0,22.43,26.35474323,6/11/2022
42,Lâm Đồng,1296606,0,0,0,0,92060,141,0,0,0,0,0,0,7.57,7.100075119,6/11/2022
30,Hà Tĩnh,1288866,0,0,0,0,50262,50,0,0,0,0,0,0,7.14,3.899707184,6/11/2022
56,Bến Tre,1288463,0,0,0,0,97478,482,0,0,0,0,0,0,123,7.565448135,6/11/2022
12,Thái Nguyên,1286751,0,0,0,0,185513,110,0,0,0,20,0,0,18.43,14.41716385,6/11/2022
22,Hưng Yên,1252731,0,0,0,0,240061,5,0,0,0,5,0,0,10.43,19.16301265,6/11/2022
14,Sơn La,1248415,0,0,0,0,150610,0,0,0,0,9,0,0,14.14,12.06409728,6/11/2022
55,Cần Thơ,1235171,0,0,0,0,76397,951,0,0,0,0,0,0,0.43,6.185135499,6/11/2022
35,Quảng Ngãi,1231697,0,0,0,0,47540,127,0,0,0,0,0,0,2.86,3.859715498,6/11/2022
41,Khánh Hòa,1231107,0,0,0,0,117816,361,0,0,0,7,0,0,3.14,9.569923654,6/11/2022
47,Bình Thuận,1230808,0,0,0,0,52514,477,0,0,0,0,0,0,1.14,4.266628101,6/11/2022
59,Sóc Trăng,1199653,0,0,0,0,34350,633,0,0,0,0,0,0,0,2.863327979,6/11/2022
61,Cà Mau,1194476,0,0,0,0,145894,357,0,0,0,0,0,0,0.29,12.21405872,6/11/2022
46,Tây Ninh,1169165,0,0,0,0,137715,918,0,0,0,0,0,0.29,1.86,11.77891914,6/11/2022
16,Vĩnh Phúc,1154154,0,0,0,0,368657,19,0,0,0,16,0,0,25.43,31.94175127,6/11/2022
52,Bà Rịa - Vũng Tàu,1148313,0,0,0,0,106952,495,0,0,0,3,0,0,5.86,9.313836907,6/11/2022
4,Đà Nẵng,1134310,0,0,0,0,98784,337,0,0,0,21,0,0,27.43,8.708730418,6/11/2022
33,Thừa Thiên Huế,1128620,0,0,0,0,46373,173,0,0,0,8,0,0,2.14,4.108823165,6/11/2022
57,Vĩnh Long,1022791,0,0,0,0,101066,829,0,0,0,0,0,0,0.29,9.881393168,6/11/2022
58,Trà Vinh,1009168,0,0,0,0,74647,115,0,0,0,0,0,0,0,7.396885355,6/11/2022
43,Bình Phước,994679,0,0,0,0,117396,224,0,0,0,3,0,0,5.43,11.80240057,6/11/2022
27,Ninh Bình,982487,0,0,0,0,99399,91,0,0,0,12,0,0,7,10.11708043,6/11/2022
39,Phú Yên,961152,0,0,0,0,42681,137,0,0,0,0,0,0,0.29,4.440608769,6/11/2022
60,Bạc Liêu,907236,0,0,0,0,46434,470,0,0,0,0,0,0,0,5.118183141,6/11/2022
31,Quảng Bình,895430,0,0,0,0,123942,74,0,0,0,18,0,0,15.43,13.84161799,6/11/2022
5,Hà Giang,854679,0,0,0,0,122004,80,0,0,0,6,0,0,11.29,14.27483301,6/11/2022
23,Hòa Bình,854131,0,0,0,0,236164,102,0,0,0,2,0,0,11.43,27.64962283,6/11/2022
24,Hà Nam,852800,0,0,0,0,84679,65,0,0,0,13,0,0,11.14,9.929526266,6/11/2022
13,Yên Bái,821030,0,0,0,0,148596,13,0,0,0,64,0,0,55.57,18.09872964,6/11/2022
9,Tuyên Quang,784811,0,0,0,0,142873,14,0,0,0,12,0,0,16.86,18.20476522,6/11/2022
10,Lạng Sơn,781655,0,0,0,0,156850,84,0,0,0,9,0,0,9,20.06639758,6/11/2022
64,Hậu Giang,733017,0,0,0,0,17087,231,0,0,0,0,0,0,0.29,2.331050985,6/11/2022
8,Lào Cai,730420,0,0,0,0,183299,38,0,0,0,17,0,0,25,25.09501383,6/11/2022
32,Quảng Trị,632375,0,0,0,0,81792,38,0,0,0,9,0,0,6.29,12.93409765,6/11/2022
63,Đắk Nông,622168,0,0,0,0,72977,47,0,0,0,0,0,0,0,11.72946857,6/11/2022
62,Điện Biên,598856,0,0,0,0,88254,20,0,0,0,2,0,0,3.14,14.73709873,6/11/2022
45,Ninh Thuận,590467,0,0,0,0,8639,60,0,0,0,0,0,0,0,1.463079224,6/11/2022
36,Kon Tum,540438,0,0,0,0,26139,1,0,0,0,0,0,0,0,4.836632509,6/11/2022
6,Cao Bằng,530341,0,0,0,0,95350,57,0,0,0,9,0,0,6.71,17.97899842,6/11/2022
7,Lai Châu,460196,0,0,0,0,73885,0,0,0,0,3,0,0,4.14,16.05511565,6/11/2022
11,Bắc Kạn,313905,0,0,0,0,74287,28,0,0,0,13,0,0,13.29,23.66544018,6/11/2022
1,Hà Nội,8053664,151,0,0,0,1603422,1221,0,0,0,157,0,0,172.29,19.90922393,6/12/2022
2,TP HCM,8993082,19,0,0,0,611360,19984,0,0,0,5,0,0,18.57,6.798114373,6/12/2022
28,Thanh Hóa,3640128,6,0,0,0,167544,107,0,0,0,7,0,0,6.43,4.60269529,6/12/2022
29,Nghệ An,3327791,37,0,0,0,485133,145,0,0,0,0,0,0,33.86,14.57822922,6/12/2022
48,Đồng Nai,3097107,0,0,0,0,106643,1899,0,0,0,0,0,0,0.43,3.44331016,6/12/2022
44,Bình Dương,2426561,1,0,0,0,320902,3518,0,0,0,2,0,0,1.43,13.22455937,6/12/2022
51,An Giang,1908352,0,0,0,0,41256,1321,0,0,0,0,0,0,0.29,2.161865316,6/12/2022
21,Hải Dương,1892254,27,0,0,0,363516,114,0,0,0,27,0,0,18.71,19.21074021,6/12/2022
40,Đắk Lắk,1869322,0,0,0,0,170585,201,0,0,0,0,0,0,0,9.125501118,6/12/2022
26,Thái Bình,1860447,16,0,0,0,292577,23,0,0,0,19,0,0,18,15.72616688,6/12/2022
3,Hải Phòng,1837173,0,0,0,0,120120,135,0,0,0,23,0,0,8.43,6.538306409,6/12/2022
18,Bắc Giang,1803950,4,0,0,0,387667,91,0,0,0,0,0,0,5.86,21.48989717,6/12/2022
25,Nam Định,1780393,22,0,0,0,295802,149,0,0,0,8,0,0,15.43,16.61442165,6/12/2022
53,Tiền Giang,1764185,0,0,0,0,36212,1290,0,0,0,0,0,0,0,2.052619198,6/12/2022
54,Kiên Giang,1723067,0,0,0,0,39798,1027,0,0,0,0,0,0,0.14,2.309718659,6/12/2022
49,Long An,1688547,0,0,0,0,48979,1088,0,0,0,0,0,0,0,2.900659561,6/12/2022
50,Đồng Tháp,1599504,0,0,0,0,50603,1007,0,0,0,0,0,0,1.14,3.163668237,6/12/2022
38,Gia Lai,1513847,2,0,0,0,69517,116,0,0,0,5,0,0,3.14,4.592075685,6/12/2022
34,Quảng Nam,1495812,0,0,0,0,49217,150,0,0,0,0,0,0,0,3.290319907,6/12/2022
37,Bình Định,1486918,0,0,0,0,137076,281,0,0,0,0,0,0,0.86,9.21880023,6/12/2022
15,Phú Thọ,1463726,56,0,0,0,320999,97,0,0,0,29,0,0,42,21.93026564,6/12/2022
19,Bắc Ninh,1368840,36,0,0,0,344550,136,0,0,0,87,0,0,36.71,25.17094766,6/12/2022
17,Quảng Ninh,1320324,24,0,0,0,348012,139,0,0,0,20,0,0,25.14,26.35807575,6/12/2022
42,Lâm Đồng,1296606,10,0,0,0,92074,141,0,0,0,4,0,0,8.14,7.101154861,6/12/2022
30,Hà Tĩnh,1288866,7,0,0,0,50269,50,0,0,0,0,0,0,6,3.900250298,6/12/2022
56,Bến Tre,1288463,0,0,0,0,97479,482,0,0,0,1,0,0,123.14,7.565525747,6/12/2022
12,Thái Nguyên,1286751,15,0,0,0,185544,110,0,0,0,16,0,0,19.71,14.41957302,6/12/2022
22,Hưng Yên,1252731,13,0,0,0,240090,5,0,0,0,16,0,0,13.14,19.16532759,6/12/2022
14,Sơn La,1248415,16,0,0,0,150629,0,0,0,0,3,0,0,14.29,12.06561921,6/12/2022
55,Cần Thơ,1235171,0,0,0,0,76397,951,0,0,0,0,0,0,0.29,6.185135499,6/12/2022
35,Quảng Ngãi,1231697,4,0,0,0,47546,127,0,0,0,2,0,0,3.71,3.860202631,6/12/2022
41,Khánh Hòa,1231107,2,0,0,0,117822,361,0,0,0,4,0,0,3.71,9.57041102,6/12/2022
47,Bình Thuận,1230808,0,0,0,0,52515,477,0,0,0,1,0,0,0.57,4.266709349,6/12/2022
59,Sóc Trăng,1199653,0,0,0,0,34350,633,0,0,0,0,0,0,0,2.863327979,6/12/2022
61,Cà Mau,1194476,0,0,0,0,145894,357,0,0,0,0,0,0,0,12.21405872,6/12/2022
46,Tây Ninh,1169165,2,0,0,0,137718,918,0,0,0,1,0,0.29,2.29,11.77917574,6/12/2022
16,Vĩnh Phúc,1154154,25,0,0,0,368690,19,0,0,0,8,0,0,24.43,31.94461051,6/12/2022
52,Bà Rịa - Vũng Tàu,1148313,2,0,0,0,106955,495,0,0,0,1,0,0,5.43,9.31409816,6/12/2022
4,Đà Nẵng,1134310,64,0,0,0,98882,337,0,0,0,34,0,0,33.71,8.717370031,6/12/2022
33,Thừa Thiên Huế,1128620,0,0,0,0,46373,173,0,0,0,0,0,0,2.14,4.108823165,6/12/2022
57,Vĩnh Long,1022791,2,0,0,0,101068,829,0,0,0,0,0,0,0.57,9.881588712,6/12/2022
58,Trà Vinh,1009168,0,0,0,0,74647,115,0,0,0,0,0,0,0,7.396885355,6/12/2022
43,Bình Phước,994679,0,0,0,0,117396,224,0,0,0,0,0,0,4.29,11.80240057,6/12/2022
27,Ninh Bình,982487,11,0,0,0,99412,91,0,0,0,2,0,0,8.43,10.1184036,6/12/2022
39,Phú Yên,961152,0,0,0,0,42681,137,0,0,0,0,0,0,0.29,4.440608769,6/12/2022
60,Bạc Liêu,907236,0,0,0,0,46434,470,0,0,0,0,0,0,0,5.118183141,6/12/2022
31,Quảng Bình,895430,25,0,0,0,123967,74,0,0,0,0,0,0,16.71,13.84440995,6/12/2022
5,Hà Giang,854679,12,0,0,0,122028,80,0,0,0,12,0,0,13,14.27764108,6/12/2022
23,Hòa Bình,854131,25,0,0,0,236197,102,0,0,0,8,0,0,12.14,27.65348641,6/12/2022
24,Hà Nam,852800,15,0,0,0,84697,65,0,0,0,3,0,0,11.71,9.931636961,6/12/2022
13,Yên Bái,821030,46,0,0,0,148683,13,0,0,0,41,0,0,58.43,18.10932609,6/12/2022
9,Tuyên Quang,784811,27,0,0,0,142921,14,0,0,0,21,0,0,20.29,18.21088135,6/12/2022
10,Lạng Sơn,781655,8,0,0,0,156865,84,0,0,0,7,0,0,9.57,20.06831658,6/12/2022
64,Hậu Giang,733017,0,0,0,0,17087,231,0,0,0,0,0,0,0.29,2.331050985,6/12/2022
8,Lào Cai,730420,28,0,0,0,183344,38,0,0,0,17,0,0,26.57,25.10117467,6/12/2022
32,Quảng Trị,632375,9,0,0,0,81802,38,0,0,0,1,0,0,5.57,12.93567899,6/12/2022
63,Đắk Nông,622168,0,0,0,0,72977,47,0,0,0,0,0,0,0,11.72946857,6/12/2022
62,Điện Biên,598856,8,0,0,0,88268,20,0,0,0,6,0,0,4.29,14.73943653,6/12/2022
45,Ninh Thuận,590467,0,0,0,0,8639,60,0,0,0,0,0,0,0,1.463079224,6/12/2022
36,Kon Tum,540438,0,0,0,0,26139,1,0,0,0,0,0,0,0,4.836632509,6/12/2022
6,Cao Bằng,530341,11,0,0,0,95368,57,0,0,0,7,0,0,8.43,17.98239246,6/12/2022
7,Lai Châu,460196,45,0,0,0,73934,0,0,0,0,4,0,0,11.14,16.06576328,6/12/2022
11,Bắc Kạn,313905,23,0,0,0,74317,28,0,0,0,7,0,0,15.29,23.67499721,6/12/2022
1,Hà Nội,8053664,0,0,0,0,1603422,1221,0,0,0,151,0,0,145.57,19.90922393,6/13/2022
2,TP HCM,8993082,0,0,0,0,611360,19984,0,0,0,19,0,0,14.86,6.798114373,6/13/2022
28,Thanh Hóa,3640128,0,0,0,0,167544,107,0,0,0,6,0,0,5.29,4.60269529,6/13/2022
29,Nghệ An,3327791,0,0,0,0,485133,145,0,0,0,37,0,0,26.86,14.57822922,6/13/2022
48,Đồng Nai,3097107,0,0,0,0,106643,1899,0,0,0,0,0,0,0.29,3.44331016,6/13/2022
44,Bình Dương,2426561,0,0,0,0,320902,3518,0,0,0,1,0,0,0.43,13.22455937,6/13/2022
51,An Giang,1908352,0,0,0,0,41256,1321,0,0,0,0,0,0,0.29,2.161865316,6/13/2022
21,Hải Dương,1892254,0,0,0,0,363516,114,0,0,0,27,0,0,15.57,19.21074021,6/13/2022
40,Đắk Lắk,1869322,0,0,0,0,170585,201,0,0,0,0,0,0,0,9.125501118,6/13/2022
26,Thái Bình,1860447,0,0,0,0,292577,23,0,0,0,16,0,0,15.71,15.72616688,6/13/2022
3,Hải Phòng,1837173,0,0,0,0,120120,135,0,0,0,0,0,0,8.43,6.538306409,6/13/2022
18,Bắc Giang,1803950,0,0,0,0,387667,91,0,0,0,4,0,0,5.43,21.48989717,6/13/2022
25,Nam Định,1780393,0,0,0,0,295802,149,0,0,0,22,0,0,12.71,16.61442165,6/13/2022
53,Tiền Giang,1764185,0,0,0,0,36212,1290,0,0,0,0,0,0,0,2.052619198,6/13/2022
54,Kiên Giang,1723067,0,0,0,0,39798,1027,0,0,0,0,0,0,0.14,2.309718659,6/13/2022
49,Long An,1688547,0,0,0,0,48979,1088,0,0,0,0,0,0,0,2.900659561,6/13/2022
50,Đồng Tháp,1599504,0,0,0,0,50603,1007,0,0,0,0,0,0,1.14,3.163668237,6/13/2022
38,Gia Lai,1513847,0,0,0,0,69517,116,0,0,0,2,0,0,2.43,4.592075685,6/13/2022
34,Quảng Nam,1495812,0,0,0,0,49217,150,0,0,0,0,0,0,0,3.290319907,6/13/2022
37,Bình Định,1486918,0,0,0,0,137076,281,0,0,0,0,0,0,0.57,9.21880023,6/13/2022
15,Phú Thọ,1463726,0,0,0,0,320999,97,0,0,0,56,0,0,37,21.93026564,6/13/2022
19,Bắc Ninh,1368840,0,0,0,0,344550,136,0,0,0,36,0,0,28.57,25.17094766,6/13/2022
17,Quảng Ninh,1320324,0,0,0,0,348012,139,0,0,0,24,0,0,21.29,26.35807575,6/13/2022
42,Lâm Đồng,1296606,0,0,0,0,92074,141,0,0,0,10,0,0,6.71,7.101154861,6/13/2022
30,Hà Tĩnh,1288866,0,0,0,0,50269,50,0,0,0,7,0,0,4.14,3.900250298,6/13/2022
56,Bến Tre,1288463,0,0,0,0,97479,482,0,0,0,0,0,0,123.14,7.565525747,6/13/2022
12,Thái Nguyên,1286751,0,0,0,0,185544,110,0,0,0,15,0,0,16.43,14.41957302,6/13/2022
22,Hưng Yên,1252731,0,0,0,0,240090,5,0,0,0,13,0,0,11,19.16532759,6/13/2022
14,Sơn La,1248415,0,0,0,0,150629,0,0,0,0,16,0,0,12.71,12.06561921,6/13/2022
55,Cần Thơ,1235171,0,0,0,0,76397,951,0,0,0,0,0,0,0.29,6.185135499,6/13/2022
35,Quảng Ngãi,1231697,0,0,0,0,47546,127,0,0,0,4,0,0,2.86,3.860202631,6/13/2022
41,Khánh Hòa,1231107,0,0,0,0,117822,361,0,0,0,2,0,0,3.43,9.57041102,6/13/2022
47,Bình Thuận,1230808,0,0,0,0,52515,477,0,0,0,0,0,0,0.43,4.266709349,6/13/2022
59,Sóc Trăng,1199653,0,0,0,0,34350,633,0,0,0,0,0,0,0,2.863327979,6/13/2022
61,Cà Mau,1194476,0,0,0,0,145894,357,0,0,0,0,0,0,0,12.21405872,6/13/2022
46,Tây Ninh,1169165,0,0,0,0,137718,918,0,0,0,2,0,0.29,1.71,11.77917574,6/13/2022
16,Vĩnh Phúc,1154154,0,0,0,0,368690,19,0,0,0,25,0,0,19.71,31.94461051,6/13/2022
52,Bà Rịa - Vũng Tàu,1148313,0,0,0,0,106955,495,0,0,0,2,0,0,4.57,9.31409816,6/13/2022
4,Đà Nẵng,1134310,0,0,0,0,98882,337,0,0,0,64,0,0,28.29,8.717370031,6/13/2022
33,Thừa Thiên Huế,1128620,0,0,0,0,46373,173,0,0,0,0,0,0,1.14,4.108823165,6/13/2022
57,Vĩnh Long,1022791,0,0,0,0,101068,829,0,0,0,2,0,0,0.57,9.881588712,6/13/2022
58,Trà Vinh,1009168,0,0,0,0,74647,115,0,0,0,0,0,0,0,7.396885355,6/13/2022
43,Bình Phước,994679,0,0,0,0,117396,224,0,0,0,0,0,0,3.14,11.80240057,6/13/2022
27,Ninh Bình,982487,0,0,0,0,99412,91,0,0,0,11,0,0,7,10.1184036,6/13/2022
39,Phú Yên,961152,0,0,0,0,42681,137,0,0,0,0,0,0,0.29,4.440608769,6/13/2022
60,Bạc Liêu,907236,0,0,0,0,46434,470,0,0,0,0,0,0,0,5.118183141,6/13/2022
31,Quảng Bình,895430,0,0,0,0,123967,74,0,0,0,25,0,0,12.86,13.84440995,6/13/2022
5,Hà Giang,854679,0,0,0,0,122028,80,0,0,0,12,0,0,9.71,14.27764108,6/13/2022
23,Hòa Bình,854131,0,0,0,0,236197,102,0,0,0,25,0,0,10.86,27.65348641,6/13/2022
24,Hà Nam,852800,0,0,0,0,84697,65,0,0,0,15,0,0,9.71,9.931636961,6/13/2022
13,Yên Bái,821030,0,0,0,0,148683,13,0,0,0,46,0,0,48.86,18.10932609,6/13/2022
9,Tuyên Quang,784811,0,0,0,0,142921,14,0,0,0,27,0,0,17.29,18.21088135,6/13/2022
10,Lạng Sơn,781655,0,0,0,0,156865,84,0,0,0,8,0,0,7.71,20.06831658,6/13/2022
64,Hậu Giang,733017,0,0,0,0,17087,231,0,0,0,0,0,0,0.29,2.331050985,6/13/2022
8,Lào Cai,730420,0,0,0,0,183344,38,0,0,0,28,0,0,21.57,25.10117467,6/13/2022
32,Quảng Trị,632375,0,0,0,0,81802,38,0,0,0,9,0,0,5.57,12.93567899,6/13/2022
63,Đắk Nông,622168,0,0,0,0,72977,47,0,0,0,0,0,0,0,11.72946857,6/13/2022
62,Điện Biên,598856,0,0,0,0,88268,20,0,0,0,8,0,0,3.86,14.73943653,6/13/2022
45,Ninh Thuận,590467,0,0,0,0,8639,60,0,0,0,0,0,0,0,1.463079224,6/13/2022
36,Kon Tum,540438,0,0,0,0,26139,1,0,0,0,0,0,0,0,4.836632509,6/13/2022
6,Cao Bằng,530341,0,0,0,0,95368,57,0,0,0,11,0,0,7.57,17.98239246,6/13/2022
7,Lai Châu,460196,0,0,0,0,73934,0,0,0,0,45,0,0,10.29,16.06576328,6/13/2022
11,Bắc Kạn,313905,0,0,0,0,74317,28,0,0,0,23,0,0,11.86,23.67499721,6/13/2022
1,Hà Nội,8053664,0,0,0,0,1603570,1221,0,0,0,148,0,0,140.43,19.9110616,6/14/2022
2,TP HCM,8993082,0,0,0,0,611381,19984,0,0,0,21,0,0,14.57,6.798347886,6/14/2022
28,Thanh Hóa,3640128,0,0,0,0,167549,107,0,0,0,5,0,0,5,4.602832648,6/14/2022
29,Nghệ An,3327791,0,0,0,0,485176,145,0,0,0,43,0,0,29,14.57952137,6/14/2022
48,Đồng Nai,3097107,0,0,0,0,106645,1899,0,0,0,2,0,0,0.43,3.443374736,6/14/2022
44,Bình Dương,2426561,0,0,0,0,320903,3518,0,0,0,1,0,0,0.57,13.22460058,6/14/2022
51,An Giang,1908352,0,0,0,0,41256,1321,0,0,0,0,0,0,0,2.161865316,6/14/2022
21,Hải Dương,1892254,0,0,0,0,363532,114,0,0,0,16,0,0,15.86,19.21158576,6/14/2022
40,Đắk Lắk,1869322,0,0,0,0,170585,201,0,0,0,0,0,0,0,9.125501118,6/14/2022
26,Thái Bình,1860447,0,0,0,0,292592,23,0,0,0,15,0,0,15.43,15.72697314,6/14/2022
3,Hải Phòng,1837173,0,0,0,0,120243,135,0,0,0,123,0,0,24.71,6.545001478,6/14/2022
18,Bắc Giang,1803950,0,0,0,0,387670,91,0,0,0,3,0,0,4.71,21.49006347,6/14/2022
25,Nam Định,1780393,0,0,0,0,295822,149,0,0,0,20,0,0,12.86,16.61554499,6/14/2022
53,Tiền Giang,1764185,0,0,0,0,36212,1290,0,0,0,0,0,0,0,2.052619198,6/14/2022
54,Kiên Giang,1723067,0,0,0,0,39798,1027,0,0,0,0,0,0,0,2.309718659,6/14/2022
49,Long An,1688547,0,0,0,0,48979,1088,0,0,0,0,0,0,0,2.900659561,6/14/2022
50,Đồng Tháp,1599504,0,0,0,0,50613,1007,0,0,0,10,0,0,1.86,3.164293431,6/14/2022
38,Gia Lai,1513847,0,0,0,0,69522,116,0,0,0,5,0,0,1.71,4.59240597,6/14/2022
34,Quảng Nam,1495812,0,0,0,0,49217,150,0,0,0,0,0,0,0,3.290319907,6/14/2022
37,Bình Định,1486918,0,0,0,0,137081,281,0,0,0,5,0,0,1.29,9.219136496,6/14/2022
15,Phú Thọ,1463726,0,0,0,0,321039,97,0,0,0,40,0,0,36.71,21.93299839,6/14/2022
19,Bắc Ninh,1368840,0,0,0,0,344590,136,0,0,0,40,0,0,34.29,25.17386985,6/14/2022
17,Quảng Ninh,1320324,0,0,0,0,348040,139,0,0,0,28,0,0,21.14,26.36019644,6/14/2022
42,Lâm Đồng,1296606,0,0,0,0,92074,141,0,0,0,0,0,0,5.86,7.101154861,6/14/2022
30,Hà Tĩnh,1288866,0,0,0,0,50278,50,0,0,0,9,0,0,4,3.900948586,6/14/2022
56,Bến Tre,1288463,0,0,0,0,97482,482,0,0,0,3,0,0,123.43,7.565758582,6/14/2022
12,Thái Nguyên,1286751,0,0,0,0,185561,110,0,0,0,17,0,0,15.57,14.42089417,6/14/2022
22,Hưng Yên,1252731,0,0,0,0,240108,5,0,0,0,18,0,0,12.43,19.16676445,6/14/2022
14,Sơn La,1248415,0,0,0,0,150638,0,0,0,0,9,0,0,11.29,12.06634012,6/14/2022
55,Cần Thơ,1235171,0,0,0,0,76397,951,0,0,0,0,0,0,0,6.185135499,6/14/2022
35,Quảng Ngãi,1231697,0,0,0,0,47548,127,0,0,0,2,0,0,3.14,3.860365009,6/14/2022
41,Khánh Hòa,1231107,0,0,0,0,117825,361,0,0,0,3,0,0,3,9.570654703,6/14/2022
47,Bình Thuận,1230808,0,0,0,0,52515,477,0,0,0,0,0,0,0.29,4.266709349,6/14/2022
59,Sóc Trăng,1199653,0,0,0,0,34350,633,0,0,0,0,0,0,0,2.863327979,6/14/2022
61,Cà Mau,1194476,0,0,0,0,145894,357,0,0,0,0,0,0,0,12.21405872,6/14/2022
46,Tây Ninh,1169165,0,0,0,0,137720,918,0,0,0,2,0,0.29,2,11.7793468,6/14/2022
16,Vĩnh Phúc,1154154,0,0,0,0,368704,19,0,0,0,14,0,0,17.14,31.94582352,6/14/2022
52,Bà Rịa - Vũng Tàu,1148313,0,0,0,0,106955,495,0,0,0,7,0,0,3.29,9.31409816,6/14/2022
4,Đà Nẵng,1134310,0,0,0,0,98915,337,0,0,0,33,0,0,28.29,8.720279289,6/14/2022
33,Thừa Thiên Huế,1128620,0,0,0,0,46373,173,0,0,0,0,0,0,1.14,4.108823165,6/14/2022
57,Vĩnh Long,1022791,0,0,0,0,101068,829,0,0,0,0,0,0,0.43,9.881588712,6/14/2022
58,Trà Vinh,1009168,0,0,0,0,74647,115,0,0,0,0,0,0,0,7.396885355,6/14/2022
43,Bình Phước,994679,0,0,0,0,117398,224,0,0,0,2,0,0,2.57,11.80260164,6/14/2022
27,Ninh Bình,982487,0,0,0,0,99422,91,0,0,0,10,0,0,7.43,10.11942143,6/14/2022
39,Phú Yên,961152,0,0,0,0,42681,137,0,0,0,0,0,0,0.29,4.440608769,6/14/2022
60,Bạc Liêu,907236,0,0,0,0,46434,470,0,0,0,0,0,0,0,5.118183141,6/14/2022
31,Quảng Bình,895430,0,0,0,0,123999,74,0,0,0,32,0,0,14.86,13.84798365,6/14/2022
5,Hà Giang,854679,0,0,0,0,122028,80,0,0,0,0,0,0,7,14.27764108,6/14/2022
23,Hòa Bình,854131,0,0,0,0,236211,102,0,0,0,14,0,0,11,27.6551255,6/14/2022
24,Hà Nam,852800,0,0,0,0,84723,65,0,0,0,26,0,0,11,9.934685741,6/14/2022
13,Yên Bái,821030,0,0,0,0,148715,13,0,0,0,32,0,0,44,18.11322363,6/14/2022
9,Tuyên Quang,784811,0,0,0,0,142939,14,0,0,0,18,0,0,16.71,18.21317489,6/14/2022
10,Lạng Sơn,781655,0,0,0,0,156873,84,0,0,0,8,0,0,7,20.06934005,6/14/2022
64,Hậu Giang,733017,0,0,0,0,17088,231,0,0,0,1,0,0,0.29,2.331187408,6/14/2022
8,Lào Cai,730420,0,0,0,0,183374,38,0,0,0,30,0,0,22,25.10528189,6/14/2022
32,Quảng Trị,632375,0,0,0,0,81817,38,0,0,0,15,0,0,6.86,12.938051,6/14/2022
63,Đắk Nông,622168,0,0,0,0,72977,47,0,0,0,0,0,0,0,11.72946857,6/14/2022
62,Điện Biên,598856,0,0,0,0,88271,20,0,0,0,3,0,0,3.71,14.73993748,6/14/2022
45,Ninh Thuận,590467,0,0,0,0,8639,60,0,0,0,0,0,0,0,1.463079224,6/14/2022
36,Kon Tum,540438,0,0,0,0,26139,1,0,0,0,0,0,0,0,4.836632509,6/14/2022
6,Cao Bằng,530341,0,0,0,0,95375,57,0,0,0,7,0,0,7.14,17.98371237,6/14/2022
7,Lai Châu,460196,0,0,0,0,73939,0,0,0,0,5,0,0,9.43,16.06684978,6/14/2022
11,Bắc Kạn,313905,0,0,0,0,74338,28,0,0,0,21,0,0,13.14,23.68168713,6/14/2022
1,Hà Nội,8053664,0,0,0,0,1603715,1221,0,0,0,145,0,0,135.29,19.91286202,6/15/2022
2,TP HCM,8993082,0,0,0,0,611412,19984,0,0,0,31,0,0,16.29,6.798692595,6/15/2022
28,Thanh Hóa,3640128,0,0,0,0,167556,107,0,0,0,7,0,0,5.14,4.603024949,6/15/2022
29,Nghệ An,3327791,0,0,0,0,485221,145,0,0,0,45,0,0,28.57,14.58087362,6/15/2022
48,Đồng Nai,3097107,0,0,0,0,106645,1899,0,0,0,0,0,0,0.43,3.443374736,6/15/2022
44,Bình Dương,2426561,0,0,0,0,320905,3518,0,0,0,2,0,0,0.86,13.224683,6/15/2022
51,An Giang,1908352,0,0,0,0,41257,1321,0,0,0,1,0,0,0.14,2.161917717,6/15/2022
21,Hải Dương,1892254,0,0,0,0,363545,114,0,0,0,13,0,0,14,19.21227277,6/15/2022
40,Đắk Lắk,1869322,0,0,0,0,170585,201,0,0,0,0,0,0,0,9.125501118,6/15/2022
26,Thái Bình,1860447,0,0,0,0,292608,23,0,0,0,16,0,0,14.86,15.72783315,6/15/2022
3,Hải Phòng,1837173,0,0,0,0,120263,135,0,0,0,20,0,0,25.14,6.546090107,6/15/2022
18,Bắc Giang,1803950,0,0,0,0,387675,91,0,0,0,5,0,0,2.71,21.49034064,6/15/2022
25,Nam Định,1780393,0,0,0,0,295842,149,0,0,0,20,0,0,13,16.61666834,6/15/2022
53,Tiền Giang,1764185,0,0,0,0,36212,1290,0,0,0,0,0,0,0,2.052619198,6/15/2022
54,Kiên Giang,1723067,0,0,0,0,39798,1027,0,0,0,0,0,0,0,2.309718659,6/15/2022
49,Long An,1688547,0,0,0,0,48979,1088,0,0,0,0,0,0,0,2.900659561,6/15/2022
50,Đồng Tháp,1599504,0,0,0,0,50615,1007,0,0,0,2,0,0,1.86,3.16441847,6/15/2022
38,Gia Lai,1513847,0,0,0,0,69525,116,0,0,0,3,0,0,2.14,4.59260414,6/15/2022
34,Quảng Nam,1495812,0,0,0,0,49218,150,0,0,0,1,0,0,0.14,3.29038676,6/15/2022
37,Bình Định,1486918,0,0,0,0,137082,281,0,0,0,1,0,0,1.43,9.219203749,6/15/2022
15,Phú Thọ,1463726,0,0,0,0,321067,97,0,0,0,28,0,0,31.29,21.93491132,6/15/2022
19,Bắc Ninh,1368840,0,0,0,0,344622,136,0,0,0,42,0,0,27.86,25.17620759,6/15/2022
17,Quảng Ninh,1320324,0,0,0,0,348067,139,0,0,0,27,0,0,21.57,26.36224139,6/15/2022
42,Lâm Đồng,1296606,0,0,0,0,92080,141,0,0,0,6,0,0,4.57,7.101617608,6/15/2022
30,Hà Tĩnh,1288866,0,0,0,0,50278,50,0,0,0,0,0,0,2.29,3.900948586,6/15/2022
56,Bến Tre,1288463,0,0,0,0,97485,482,0,0,0,3,0,0,123.57,7.565991418,6/15/2022
12,Thái Nguyên,1286751,0,0,0,0,185579,110,0,0,0,18,0,0,15.29,14.42229305,6/15/2022
22,Hưng Yên,1252731,0,0,0,0,240124,5,0,0,0,16,0,0,12,19.16804166,6/15/2022
14,Sơn La,1248415,0,0,0,0,150652,0,0,0,0,14,0,0,10.29,12.06746154,6/15/2022
55,Cần Thơ,1235171,0,0,0,0,76397,951,0,0,0,0,0,0,0,6.185135499,6/15/2022
35,Quảng Ngãi,1231697,0,0,0,0,47548,127,0,0,0,0,0,0,1.14,3.860365009,6/15/2022
41,Khánh Hòa,1231107,0,0,0,0,117828,361,0,0,0,3,0,0,2.71,9.570898387,6/15/2022
47,Bình Thuận,1230808,0,0,0,0,52516,477,0,0,0,1,0,0,0.43,4.266790596,6/15/2022
59,Sóc Trăng,1199653,0,0,0,0,34350,633,0,0,0,0,0,0,0,2.863327979,6/15/2022
61,Cà Mau,1194476,0,0,0,0,145894,357,0,0,0,0,0,0,0,12.21405872,6/15/2022
46,Tây Ninh,1169165,0,0,0,0,137720,918,0,0,0,0,0,0.14,0.71,11.7793468,6/15/2022
16,Vĩnh Phúc,1154154,0,0,0,0,368740,19,0,0,0,36,0,0,16.43,31.94894269,6/15/2022
52,Bà Rịa - Vũng Tàu,1148313,0,0,0,0,106963,495,0,0,0,8,0,0,2.29,9.314794834,6/15/2022
4,Đà Nẵng,1134310,0,0,0,0,98963,337,0,0,0,48,0,0,28.86,8.724510936,6/15/2022
33,Thừa Thiên Huế,1128620,0,0,0,0,46373,173,0,0,0,0,0,0,1.14,4.108823165,6/15/2022
57,Vĩnh Long,1022791,0,0,0,0,101068,829,0,0,0,0,0,0,0.29,9.881588712,6/15/2022
58,Trà Vinh,1009168,0,0,0,0,74647,115,0,0,0,0,0,0,0,7.396885355,6/15/2022
43,Bình Phước,994679,0,0,0,0,117399,224,0,0,0,1,0,0,1,11.80270218,6/15/2022
27,Ninh Bình,982487,0,0,0,0,99436,91,0,0,0,14,0,0,8.14,10.12084638,6/15/2022
39,Phú Yên,961152,0,0,0,0,42683,137,0,0,0,2,0,0,0.29,4.440816853,6/15/2022
60,Bạc Liêu,907236,0,0,0,0,46434,470,0,0,0,0,0,0,0,5.118183141,6/15/2022
31,Quảng Bình,895430,0,0,0,0,124017,74,0,0,0,18,0,0,15.71,13.84999386,6/15/2022
5,Hà Giang,854679,0,0,0,0,122039,80,0,0,0,11,0,0,7,14.27892811,6/15/2022
23,Hòa Bình,854131,0,0,0,0,236221,102,0,0,0,10,0,0,10.29,27.65629628,6/15/2022
24,Hà Nam,852800,0,0,0,0,84742,65,0,0,0,19,0,0,12.43,9.936913696,6/15/2022
13,Yên Bái,821030,0,0,0,0,148742,13,0,0,0,27,0,0,38.57,18.11651219,6/15/2022
9,Tuyên Quang,784811,0,0,0,0,142957,14,0,0,0,18,0,0,16.86,18.21546844,6/15/2022
10,Lạng Sơn,781655,0,0,0,0,156881,84,0,0,0,8,0,0,7,20.07036352,6/15/2022
64,Hậu Giang,733017,0,0,0,0,17088,231,0,0,0,0,0,0,0.29,2.331187408,6/15/2022
8,Lào Cai,730420,0,0,0,0,183404,38,0,0,0,30,0,0,21.86,25.10938912,6/15/2022
32,Quảng Trị,632375,0,0,0,0,81830,38,0,0,0,13,0,0,7.29,12.94010674,6/15/2022
63,Đắk Nông,622168,0,0,0,0,72977,47,0,0,0,0,0,0,0,11.72946857,6/15/2022
62,Điện Biên,598856,0,0,0,0,88276,20,0,0,0,5,0,0,4,14.74077241,6/15/2022
45,Ninh Thuận,590467,0,0,0,0,8639,60,0,0,0,0,0,0,0,1.463079224,6/15/2022
36,Kon Tum,540438,0,0,0,0,26139,1,0,0,0,0,0,0,0,4.836632509,6/15/2022
6,Cao Bằng,530341,0,0,0,0,95381,57,0,0,0,6,0,0,7.14,17.98484371,6/15/2022
7,Lai Châu,460196,0,0,0,0,73949,0,0,0,0,10,0,0,10.14,16.06902276,6/15/2022
11,Bắc Kạn,313905,0,0,0,0,74358,28,0,0,0,20,0,0,14,23.68805849,6/15/2022
1,Hà Nội,8053664,141,0,0,0,1603998,1221,0,0,0,142,0,0,150.57,19.91637595,6/16/2022
2,TP HCM,8993082,39,0,0,0,611475,19984,0,0,0,24,0,0,22.14,6.799393134,6/16/2022
28,Thanh Hóa,3640128,5,0,0,0,167567,107,0,0,0,6,0,0,6,4.603327136,6/16/2022
29,Nghệ An,3327791,48,0,0,0,485306,145,0,0,0,37,0,0,33.14,14.58342787,6/16/2022
48,Đồng Nai,3097107,0,0,0,0,106646,1899,0,0,0,1,0,0,0.43,3.443407025,6/16/2022
44,Bình Dương,2426561,0,0,0,0,320905,3518,0,0,0,0,0,0,0.86,13.224683,6/16/2022
51,An Giang,1908352,0,0,0,0,41257,1321,0,0,0,0,0,0,0.14,2.161917717,6/16/2022
21,Hải Dương,1892254,13,0,0,0,363566,114,0,0,0,8,0,0,15.71,19.21338256,6/16/2022
40,Đắk Lắk,1869322,0,0,0,0,170585,201,0,0,0,0,0,0,0,9.125501118,6/16/2022
26,Thái Bình,1860447,16,0,0,0,292640,23,0,0,0,16,0,0,16.29,15.72955317,6/16/2022
3,Hải Phòng,1837173,30,0,0,0,120302,135,0,0,0,9,0,0,29.71,6.548212934,6/16/2022
18,Bắc Giang,1803950,13,0,0,0,387702,91,0,0,0,14,0,0,5.57,21.49183736,6/16/2022
25,Nam Định,1780393,19,0,0,0,295880,149,0,0,0,19,0,0,15.86,16.6188027,6/16/2022
53,Tiền Giang,1764185,0,0,0,0,36212,1290,0,0,0,0,0,0,0,2.052619198,6/16/2022
54,Kiên Giang,1723067,0,0,0,0,39798,1027,0,0,0,0,0,0,0,2.309718659,6/16/2022
49,Long An,1688547,0,0,0,0,48979,1088,0,0,0,0,0,0,0,2.900659561,6/16/2022
50,Đồng Tháp,1599504,2,0,0,0,50625,1007,0,0,0,8,0,0,3.14,3.165043664,6/16/2022
38,Gia Lai,1513847,0,0,0,0,69525,116,0,0,0,0,0,0,2.14,4.59260414,6/16/2022
34,Quảng Nam,1495812,0,0,0,0,49219,150,0,0,0,1,0,0,0.29,3.290453613,6/16/2022
37,Bình Định,1486918,0,0,0,0,137087,281,0,0,0,5,0,0,1.86,9.219540015,6/16/2022
15,Phú Thọ,1463726,36,0,0,0,321153,97,0,0,0,50,0,0,36.86,21.94078673,6/16/2022
19,Bắc Ninh,1368840,32,0,0,0,344676,136,0,0,0,22,0,0,35.57,25.18015254,6/16/2022
17,Quảng Ninh,1320324,26,0,0,0,348120,139,0,0,0,27,0,0,25.29,26.36625556,6/16/2022
42,Lâm Đồng,1296606,7,0,0,0,92094,141,0,0,0,7,0,0,4.86,7.10269735,6/16/2022
30,Hà Tĩnh,1288866,0,0,0,0,50278,50,0,0,0,0,0,0,2.29,3.900948586,6/16/2022
56,Bến Tre,1288463,2,0,0,0,97489,482,0,0,0,2,0,0,1.57,7.566301865,6/16/2022
12,Thái Nguyên,1286751,16,0,0,0,185612,110,0,0,0,17,0,0,17,14.42485765,6/16/2022
22,Hưng Yên,1252731,6,0,0,0,240143,5,0,0,0,13,0,0,12.43,19.16955835,6/16/2022
14,Sơn La,1248415,12,0,0,0,150673,0,0,0,0,9,0,0,10.29,12.06914367,6/16/2022
55,Cần Thơ,1235171,0,0,0,0,76397,951,0,0,0,0,0,0,0,6.185135499,6/16/2022
35,Quảng Ngãi,1231697,0,0,0,0,47549,127,0,0,0,1,0,0,1.29,3.860446197,6/16/2022
41,Khánh Hòa,1231107,2,0,0,0,117832,361,0,0,0,2,0,0,3.29,9.571223297,6/16/2022
47,Bình Thuận,1230808,0,0,0,0,52517,477,0,0,0,1,0,0,0.43,4.266871844,6/16/2022
59,Sóc Trăng,1199653,0,0,0,0,34350,633,0,0,0,0,0,0,0,2.863327979,6/16/2022
61,Cà Mau,1194476,0,0,0,0,145894,357,0,0,0,0,0,0,0,12.21405872,6/16/2022
46,Tây Ninh,1169165,0,0,0,0,137720,918,0,0,0,0,0,0,0.71,11.7793468,6/16/2022
16,Vĩnh Phúc,1154154,17,0,0,0,368786,19,0,0,0,29,0,0,20.71,31.95292829,6/16/2022
52,Bà Rịa - Vũng Tàu,1148313,0,0,0,0,106966,495,0,0,0,3,0,0,2.43,9.315056087,6/16/2022
4,Đà Nẵng,1134310,24,0,0,0,99015,337,0,0,0,28,0,0,36,8.729095221,6/16/2022
33,Thừa Thiên Huế,1128620,0,0,0,0,46390,173,0,0,0,17,0,0,3.57,4.110329429,6/16/2022
57,Vĩnh Long,1022791,0,0,0,0,101070,829,0,0,0,2,0,0,0.57,9.881784255,6/16/2022
58,Trà Vinh,1009168,0,0,0,0,74647,115,0,0,0,0,0,0,0,7.396885355,6/16/2022
43,Bình Phước,994679,7,0,0,0,117410,224,0,0,0,4,0,0,2.43,11.80380806,6/16/2022
27,Ninh Bình,982487,15,0,0,0,99463,91,0,0,0,12,0,0,10.86,10.12359451,6/16/2022
39,Phú Yên,961152,0,0,0,0,42685,137,0,0,0,2,0,0,0.57,4.441024937,6/16/2022
60,Bạc Liêu,907236,0,0,0,0,46435,470,0,0,0,1,0,0,0.14,5.118293366,6/16/2022
31,Quảng Bình,895430,12,0,0,0,124045,74,0,0,0,16,0,0,17.29,13.85312085,6/16/2022
5,Hà Giang,854679,12,0,0,0,122052,80,0,0,0,11,0,0,7.71,14.28044915,6/16/2022
23,Hòa Bình,854131,6,0,0,0,236242,102,0,0,0,15,0,0,11.43,27.65875492,6/16/2022
24,Hà Nam,852800,12,0,0,0,84767,65,0,0,0,13,0,0,14.43,9.939845216,6/16/2022
13,Yên Bái,821030,32,0,0,0,148801,13,0,0,0,27,0,0,38.43,18.12369828,6/16/2022
9,Tuyên Quang,784811,18,0,0,0,142999,14,0,0,0,24,0,0,19.71,18.22082004,6/16/2022
10,Lạng Sơn,781655,6,0,0,0,156896,84,0,0,0,9,0,0,7.86,20.07228253,6/16/2022
64,Hậu Giang,733017,0,0,0,0,17088,231,0,0,0,0,0,0,0.14,2.331187408,6/16/2022
8,Lào Cai,730420,33,0,0,0,183469,38,0,0,0,32,0,0,26.71,25.11828811,6/16/2022
32,Quảng Trị,632375,12,0,0,0,81847,38,0,0,0,5,0,0,9.14,12.94279502,6/16/2022
63,Đắk Nông,622168,0,0,0,0,72977,47,0,0,0,0,0,0,0,11.72946857,6/16/2022
62,Điện Biên,598856,2,0,0,0,88282,20,0,0,0,4,0,0,4.29,14.74177432,6/16/2022
45,Ninh Thuận,590467,0,0,0,0,8639,60,0,0,0,0,0,0,0,1.463079224,6/16/2022
36,Kon Tum,540438,0,0,0,0,26139,1,0,0,0,0,0,0,0,4.836632509,6/16/2022
6,Cao Bằng,530341,7,0,0,0,95399,57,0,0,0,11,0,0,8.29,17.98823776,6/16/2022
7,Lai Châu,460196,3,0,0,0,73957,0,0,0,0,5,0,0,10.71,16.07076115,6/16/2022
11,Bắc Kạn,313905,16,0,0,0,74386,28,0,0,0,12,0,0,16,23.69697839,6/16/2022
1,Hà Nội,8053664,0,0,0,0,1604138,1221,0,0,0,140,0,0,123.86,19.91811429,6/17/2022
2,TP HCM,8993082,0,0,0,0,611499,19984,0,0,0,24,0,0,22.57,6.799660005,6/17/2022
28,Thanh Hóa,3640128,0,0,0,0,167575,107,0,0,0,8,0,0,5.29,4.603546908,6/17/2022
29,Nghệ An,3327791,0,0,0,0,485336,145,0,0,0,30,0,0,34.29,14.58432936,6/17/2022
48,Đồng Nai,3097107,0,0,0,0,106646,1899,0,0,0,0,0,0,0.43,3.443407025,6/17/2022
44,Bình Dương,2426561,0,0,0,0,320905,3518,0,0,0,0,0,0,0.57,13.224683,6/17/2022
51,An Giang,1908352,0,0,0,0,41257,1321,0,0,0,0,0,0,0.14,2.161917717,6/17/2022
21,Hải Dương,1892254,0,0,0,0,363574,114,0,0,0,8,0,0,12.14,19.21380533,6/17/2022
40,Đắk Lắk,1869322,0,0,0,0,170585,201,0,0,0,0,0,0,0,9.125501118,6/17/2022
26,Thái Bình,1860447,0,0,0,0,292654,23,0,0,0,14,0,0,13.29,15.73030567,6/17/2022
3,Hải Phòng,1837173,0,0,0,0,120311,135,0,0,0,9,0,0,27.29,6.548702817,6/17/2022
18,Bắc Giang,1803950,0,0,0,0,387709,91,0,0,0,7,0,0,6.57,21.49222539,6/17/2022
25,Nam Định,1780393,0,0,0,0,295894,149,0,0,0,14,0,0,16.29,16.61958905,6/17/2022
53,Tiền Giang,1764185,0,0,0,0,36212,1290,0,0,0,0,0,0,0,2.052619198,6/17/2022
54,Kiên Giang,1723067,0,0,0,0,39798,1027,0,0,0,0,0,0,0,2.309718659,6/17/2022
49,Long An,1688547,0,0,0,0,48979,1088,0,0,0,0,0,0,0,2.900659561,6/17/2022
50,Đồng Tháp,1599504,0,0,0,0,50625,1007,0,0,0,0,0,0,3.14,3.165043664,6/17/2022
38,Gia Lai,1513847,0,0,0,0,69525,116,0,0,0,0,0,0,1.43,4.59260414,6/17/2022
34,Quảng Nam,1495812,0,0,0,0,49219,150,0,0,0,0,0,0,0.29,3.290453613,6/17/2022
37,Bình Định,1486918,0,0,0,0,137089,281,0,0,0,2,0,0,1.86,9.219674521,6/17/2022
15,Phú Thọ,1463726,0,0,0,0,321178,97,0,0,0,25,0,0,33.57,21.9424947,6/17/2022
19,Bắc Ninh,1368840,0,0,0,0,344697,136,0,0,0,21,0,0,26.14,25.18168668,6/17/2022
17,Quảng Ninh,1320324,0,0,0,0,348145,139,0,0,0,25,0,0,22.43,26.36814903,6/17/2022
42,Lâm Đồng,1296606,0,0,0,0,92099,141,0,0,0,5,0,0,5,7.103082972,6/17/2022
30,Hà Tĩnh,1288866,0,0,0,0,50278,50,0,0,0,0,0,0,2.29,3.900948586,6/17/2022
56,Bến Tre,1288463,0,0,0,0,97490,482,0,0,0,1,0,0,1.57,7.566379477,6/17/2022
12,Thái Nguyên,1286751,0,0,0,0,185627,110,0,0,0,15,0,0,14,14.42602337,6/17/2022
22,Hưng Yên,1252731,0,0,0,0,240149,5,0,0,0,6,0,0,10.29,19.1700373,6/17/2022
14,Sơn La,1248415,0,0,0,0,150685,0,0,0,0,12,0,0,10.29,12.07010489,6/17/2022
55,Cần Thơ,1235171,0,0,0,0,76397,951,0,0,0,0,0,0,0,6.185135499,6/17/2022
35,Quảng Ngãi,1231697,0,0,0,0,47549,127,0,0,0,0,0,0,1,3.860446197,6/17/2022
41,Khánh Hòa,1231107,0,0,0,0,117833,361,0,0,0,1,0,0,1.86,9.571304525,6/17/2022
47,Bình Thuận,1230808,0,0,0,0,52517,477,0,0,0,0,0,0,0.29,4.266871844,6/17/2022
59,Sóc Trăng,1199653,0,0,0,0,34350,633,0,0,0,0,0,0,0,2.863327979,6/17/2022
61,Cà Mau,1194476,0,0,0,0,145894,357,0,0,0,0,0,0,0,12.21405872,6/17/2022
46,Tây Ninh,1169165,0,0,0,0,137720,918,0,0,0,0,0,0,0.57,11.7793468,6/17/2022
16,Vĩnh Phúc,1154154,0,0,0,0,368795,19,0,0,0,9,0,0,18.57,31.95370808,6/17/2022
52,Bà Rịa - Vũng Tàu,1148313,0,0,0,0,106967,495,0,0,0,1,0,0,2,9.315143171,6/17/2022
4,Đà Nẵng,1134310,0,0,0,0,99039,337,0,0,0,24,0,0,31.57,8.731211045,6/17/2022
33,Thừa Thiên Huế,1128620,0,0,0,0,46393,173,0,0,0,3,0,0,2.86,4.11059524,6/17/2022
57,Vĩnh Long,1022791,0,0,0,0,101070,829,0,0,0,0,0,0,0.57,9.881784255,6/17/2022
58,Trà Vinh,1009168,0,0,0,0,74647,115,0,0,0,0,0,0,0,7.396885355,6/17/2022
43,Bình Phước,994679,0,0,0,0,117411,224,0,0,0,1,0,0,2.14,11.8039086,6/17/2022
27,Ninh Bình,982487,0,0,0,0,99467,91,0,0,0,4,0,0,9.43,10.12400164,6/17/2022
39,Phú Yên,961152,0,0,0,0,42685,137,0,0,0,0,0,0,0.57,4.441024937,6/17/2022
60,Bạc Liêu,907236,0,0,0,0,46435,470,0,0,0,0,0,0,0.14,5.118293366,6/17/2022
31,Quảng Bình,895430,0,0,0,0,124056,74,0,0,0,11,0,0,16.29,13.85434931,6/17/2022
5,Hà Giang,854679,0,0,0,0,122064,80,0,0,0,12,0,0,6.86,14.28185319,6/17/2022
23,Hòa Bình,854131,0,0,0,0,236254,102,0,0,0,12,0,0,11.71,27.66015986,6/17/2022
24,Hà Nam,852800,0,0,0,0,84771,65,0,0,0,4,0,0,12.71,9.940314259,6/17/2022
13,Yên Bái,821030,0,0,0,0,148815,13,0,0,0,15,0,0,25.43,18.12540346,6/17/2022
9,Tuyên Quang,784811,0,0,0,0,143019,14,0,0,0,20,0,0,17.86,18.22336843,6/17/2022
10,Lạng Sơn,781655,0,0,0,0,156898,84,0,0,0,2,0,0,5.86,20.0725384,6/17/2022
64,Hậu Giang,733017,0,0,0,0,17088,231,0,0,0,0,0,0,0.14,2.331187408,6/17/2022
8,Lào Cai,730420,0,0,0,0,183496,38,0,0,0,27,0,0,25.71,25.12198461,6/17/2022
32,Quảng Trị,632375,0,0,0,0,81852,38,0,0,0,5,0,0,8.43,12.94358569,6/17/2022
63,Đắk Nông,622168,0,0,0,0,72977,47,0,0,0,0,0,0,0,11.72946857,6/17/2022
62,Điện Biên,598856,0,0,0,0,88284,20,0,0,0,2,0,0,3.43,14.74210829,6/17/2022
45,Ninh Thuận,590467,0,0,0,0,8639,60,0,0,0,0,0,0,0,1.463079224,6/17/2022
36,Kon Tum,540438,0,0,0,0,26139,1,0,0,0,0,0,0,0,4.836632509,6/17/2022
6,Cao Bằng,530341,0,0,0,0,95407,57,0,0,0,8,0,0,7.14,17.98974622,6/17/2022
7,Lai Châu,460196,0,0,0,0,73958,0,0,0,0,1,0,0,9.86,16.07097845,6/17/2022
11,Bắc Kạn,313905,0,0,0,0,74391,28,0,0,0,5,0,0,13.86,23.69857122,6/17/2022
1,Hà Nội,8053664,0,0,0,0,1604280,1221,0,0,0,141,0,0,122.57,19.91987746,6/18/2022
2,TP HCM,8993082,0,0,0,0,611507,19984,0,0,0,8,0,0,21,6.799748963,6/18/2022
28,Thanh Hóa,3640128,0,0,0,0,167582,107,0,0,0,7,0,0,5.43,4.603739209,6/18/2022
29,Nghệ An,3327791,0,0,0,0,485353,145,0,0,0,17,0,0,31.43,14.58484021,6/18/2022
48,Đồng Nai,3097107,0,0,0,0,106646,1899,0,0,0,0,0,0,0.43,3.443407025,6/18/2022
44,Bình Dương,2426561,0,0,0,0,320906,3518,0,0,0,1,0,0,0.57,13.22472421,6/18/2022
51,An Giang,1908352,0,0,0,0,41257,1321,0,0,0,0,0,0,0.14,2.161917717,6/18/2022
21,Hải Dương,1892254,0,0,0,0,363596,114,0,0,0,22,0,0,11.43,19.21496797,6/18/2022
40,Đắk Lắk,1869322,0,0,0,0,170585,201,0,0,0,0,0,0,0,9.125501118,6/18/2022
26,Thái Bình,1860447,0,0,0,0,292668,23,0,0,0,14,0,0,13,15.73105818,6/18/2022
3,Hải Phòng,1837173,0,0,0,0,120320,135,0,0,0,9,0,0,28.57,6.5491927,6/18/2022
18,Bắc Giang,1803950,0,0,0,0,387719,91,0,0,0,10,0,0,7.43,21.49277973,6/18/2022
25,Nam Định,1780393,0,0,0,0,295909,149,0,0,0,15,0,0,15.29,16.62043156,6/18/2022
53,Tiền Giang,1764185,0,0,0,0,36212,1290,0,0,0,0,0,0,0,2.052619198,6/18/2022
54,Kiên Giang,1723067,0,0,0,0,39798,1027,0,0,0,0,0,0,0,2.309718659,6/18/2022
49,Long An,1688547,0,0,0,0,48979,1088,0,0,0,0,0,0,0,2.900659561,6/18/2022
50,Đồng Tháp,1599504,0,0,0,0,50625,1007,0,0,0,0,0,0,3.14,3.165043664,6/18/2022
38,Gia Lai,1513847,0,0,0,0,69525,116,0,0,0,0,0,0,1.14,4.59260414,6/18/2022
34,Quảng Nam,1495812,0,0,0,0,49220,150,0,0,0,1,0,0,0.43,3.290520466,6/18/2022
37,Bình Định,1486918,0,0,0,0,137092,281,0,0,0,3,0,0,2.29,9.219876281,6/18/2022
15,Phú Thọ,1463726,0,0,0,0,321205,97,0,0,0,27,0,0,29.43,21.94433931,6/18/2022
19,Bắc Ninh,1368840,0,0,0,0,344708,136,0,0,0,11,0,0,22.57,25.18249028,6/18/2022
17,Quảng Ninh,1320324,0,0,0,0,348168,139,0,0,0,23,0,0,22.29,26.36989103,6/18/2022
42,Lâm Đồng,1296606,0,0,0,0,92107,141,0,0,0,8,0,0,4.71,7.103699967,6/18/2022
30,Hà Tĩnh,1288866,0,0,0,0,50280,50,0,0,0,2,0,0,1.57,3.901103761,6/18/2022
56,Bến Tre,1288463,0,0,0,0,97491,482,0,0,0,1,0,0,1.71,7.566457089,6/18/2022
12,Thái Nguyên,1286751,0,0,0,0,185641,110,0,0,0,14,0,0,13.86,14.42711138,6/18/2022
22,Hưng Yên,1252731,0,0,0,0,240169,5,0,0,0,20,0,0,11.29,19.17163381,6/18/2022
14,Sơn La,1248415,0,0,0,0,150692,0,0,0,0,7,0,0,9,12.0706656,6/18/2022
55,Cần Thơ,1235171,0,0,0,0,76397,951,0,0,0,0,0,0,0,6.185135499,6/18/2022
35,Quảng Ngãi,1231697,0,0,0,0,47558,127,0,0,0,9,0,0,1.71,3.861176897,6/18/2022
41,Khánh Hòa,1231107,0,0,0,0,117835,361,0,0,0,2,0,0,1.86,9.571466981,6/18/2022
47,Bình Thuận,1230808,0,0,0,0,52517,477,0,0,0,0,0,0,0.29,4.266871844,6/18/2022
59,Sóc Trăng,1199653,0,0,0,0,34350,633,0,0,0,0,0,0,0,2.863327979,6/18/2022
61,Cà Mau,1194476,0,0,0,0,145894,357,0,0,0,0,0,0,0,12.21405872,6/18/2022
46,Tây Ninh,1169165,0,0,0,0,137725,918,0,0,0,5,0,0,1,11.77977445,6/18/2022
16,Vĩnh Phúc,1154154,0,0,0,0,368804,19,0,0,0,9,0,0,16.29,31.95448788,6/18/2022
52,Bà Rịa - Vũng Tàu,1148313,0,0,0,0,106968,495,0,0,0,1,0,0,1.86,9.315230255,6/18/2022
4,Đà Nẵng,1134310,0,0,0,0,99066,337,0,0,0,27,0,0,26.29,8.733591346,6/18/2022
33,Thừa Thiên Huế,1128620,0,0,0,0,46393,173,0,0,0,0,0,0,2.86,4.11059524,6/18/2022
57,Vĩnh Long,1022791,0,0,0,0,101072,829,0,0,0,2,0,0,0.57,9.881979798,6/18/2022
58,Trà Vinh,1009168,0,0,0,0,74647,115,0,0,0,0,0,0,0,7.396885355,6/18/2022
43,Bình Phước,994679,0,0,0,0,117412,224,0,0,0,1,0,0,2.29,11.80400913,6/18/2022
27,Ninh Bình,982487,0,0,0,0,99472,91,0,0,0,5,0,0,8.57,10.12451055,6/18/2022
39,Phú Yên,961152,0,0,0,0,42685,137,0,0,0,0,0,0,0.57,4.441024937,6/18/2022
60,Bạc Liêu,907236,0,0,0,0,46444,470,0,0,0,9,0,0,1.43,5.11928539,6/18/2022
31,Quảng Bình,895430,0,0,0,0,124067,74,0,0,0,11,0,0,14.29,13.85557777,6/18/2022
5,Hà Giang,854679,0,0,0,0,122074,80,0,0,0,10,0,0,6.57,14.28302322,6/18/2022
23,Hòa Bình,854131,0,0,0,0,236259,102,0,0,0,5,0,0,8.86,27.66074525,6/18/2022
24,Hà Nam,852800,0,0,0,0,84777,65,0,0,0,6,0,0,11.43,9.941017824,6/18/2022
13,Yên Bái,821030,0,0,0,0,148839,13,0,0,0,24,0,0,22.29,18.12832661,6/18/2022
9,Tuyên Quang,784811,0,0,0,0,143024,14,0,0,0,5,0,0,14.71,18.22400552,6/18/2022
10,Lạng Sơn,781655,0,0,0,0,156898,84,0,0,0,0,0,0,4.71,20.0725384,6/18/2022
64,Hậu Giang,733017,0,0,0,0,17089,231,0,0,0,1,0,0,0.29,2.33132383,6/18/2022
8,Lào Cai,730420,0,0,0,0,183509,38,0,0,0,13,0,0,23.57,25.12376441,6/18/2022
32,Quảng Trị,632375,0,0,0,0,81852,38,0,0,0,0,0,0,7.14,12.94358569,6/18/2022
63,Đắk Nông,622168,0,0,0,0,72977,47,0,0,0,0,0,0,0,11.72946857,6/18/2022
62,Điện Biên,598856,0,0,0,0,88286,20,0,0,0,2,0,0,2.57,14.74244226,6/18/2022
45,Ninh Thuận,590467,0,0,0,0,8639,60,0,0,0,0,0,0,0,1.463079224,6/18/2022
36,Kon Tum,540438,0,0,0,0,26139,1,0,0,0,0,0,0,0,4.836632509,6/18/2022
6,Cao Bằng,530341,0,0,0,0,95413,57,0,0,0,6,0,0,6.43,17.99087757,6/18/2022
7,Lai Châu,460196,0,0,0,0,73958,0,0,0,0,0,0,0,3.43,16.07097845,6/18/2022
11,Bắc Kạn,313905,0,0,0,0,74397,28,0,0,0,6,0,0,11.43,23.70048263,6/18/2022
1,Hà Nội,8053664,0,0,0,0,1604280,1221,0,0,0,141,0,0,101.43,19.91987746,6/19/2022
2,TP HCM,8993082,0,0,0,0,611507,19984,0,0,0,8,0,0,18,6.799748963,6/19/2022
28,Thanh Hóa,3640128,0,0,0,0,167582,107,0,0,0,7,0,0,4.71,4.603739209,6/19/2022
29,Nghệ An,3327791,0,0,0,0,485353,145,0,0,0,17,0,0,25.29,14.58484021,6/19/2022
48,Đồng Nai,3097107,0,0,0,0,106646,1899,0,0,0,0,0,0,0.14,3.443407025,6/19/2022
44,Bình Dương,2426561,0,0,0,0,320906,3518,0,0,0,1,0,0,0.43,13.22472421,6/19/2022
51,An Giang,1908352,0,0,0,0,41257,1321,0,0,0,0,0,0,0.14,2.161917717,6/19/2022
21,Hải Dương,1892254,0,0,0,0,363596,114,0,0,0,22,0,0,9.14,19.21496797,6/19/2022
40,Đắk Lắk,1869322,0,0,0,0,170585,201,0,0,0,0,0,0,0,9.125501118,6/19/2022
26,Thái Bình,1860447,0,0,0,0,292668,23,0,0,0,14,0,0,10.86,15.73105818,6/19/2022
3,Hải Phòng,1837173,0,0,0,0,120320,135,0,0,0,9,0,0,11,6.5491927,6/19/2022
18,Bắc Giang,1803950,0,0,0,0,387719,91,0,0,0,10,0,0,7,21.49277973,6/19/2022
25,Nam Định,1780393,0,0,0,0,295909,149,0,0,0,15,0,0,12.43,16.62043156,6/19/2022
53,Tiền Giang,1764185,0,0,0,0,36212,1290,0,0,0,0,0,0,0,2.052619198,6/19/2022
54,Kiên Giang,1723067,0,0,0,0,39798,1027,0,0,0,0,0,0,0,2.309718659,6/19/2022
49,Long An,1688547,0,0,0,0,48979,1088,0,0,0,0,0,0,0,2.900659561,6/19/2022
50,Đồng Tháp,1599504,0,0,0,0,50625,1007,0,0,0,0,0,0,1.71,3.165043664,6/19/2022
38,Gia Lai,1513847,0,0,0,0,69525,116,0,0,0,0,0,0,0.43,4.59260414,6/19/2022
34,Quảng Nam,1495812,0,0,0,0,49220,150,0,0,0,1,0,0,0.43,3.290520466,6/19/2022
37,Bình Định,1486918,0,0,0,0,137092,281,0,0,0,3,0,0,1.57,9.219876281,6/19/2022
15,Phú Thọ,1463726,0,0,0,0,321205,97,0,0,0,27,0,0,23.71,21.94433931,6/19/2022
19,Bắc Ninh,1368840,0,0,0,0,344708,136,0,0,0,11,0,0,16.86,25.18249028,6/19/2022
17,Quảng Ninh,1320324,0,0,0,0,348168,139,0,0,0,23,0,0,18.29,26.36989103,6/19/2022
42,Lâm Đồng,1296606,0,0,0,0,92107,141,0,0,0,8,0,0,4.71,7.103699967,6/19/2022
30,Hà Tĩnh,1288866,0,0,0,0,50280,50,0,0,0,2,0,0,0.29,3.901103761,6/19/2022
56,Bến Tre,1288463,0,0,0,0,97491,482,0,0,0,1,0,0,1.29,7.566457089,6/19/2022
12,Thái Nguyên,1286751,0,0,0,0,185641,110,0,0,0,14,0,0,11.43,14.42711138,6/19/2022
22,Hưng Yên,1252731,0,0,0,0,240169,5,0,0,0,20,0,0,8.71,19.17163381,6/19/2022
14,Sơn La,1248415,0,0,0,0,150692,0,0,0,0,7,0,0,7.71,12.0706656,6/19/2022
55,Cần Thơ,1235171,0,0,0,0,76397,951,0,0,0,0,0,0,0,6.185135499,6/19/2022
35,Quảng Ngãi,1231697,0,0,0,0,47558,127,0,0,0,9,0,0,1.43,3.861176897,6/19/2022
41,Khánh Hòa,1231107,0,0,0,0,117835,361,0,0,0,2,0,0,1.43,9.571466981,6/19/2022
47,Bình Thuận,1230808,0,0,0,0,52517,477,0,0,0,0,0,0,0.29,4.266871844,6/19/2022
59,Sóc Trăng,1199653,0,0,0,0,34350,633,0,0,0,0,0,0,0,2.863327979,6/19/2022
61,Cà Mau,1194476,0,0,0,0,145894,357,0,0,0,0,0,0,0,12.21405872,6/19/2022
46,Tây Ninh,1169165,0,0,0,0,137725,918,0,0,0,5,0,0,0.71,11.77977445,6/19/2022
16,Vĩnh Phúc,1154154,0,0,0,0,368804,19,0,0,0,9,0,0,14.29,31.95448788,6/19/2022
52,Bà Rịa - Vũng Tàu,1148313,0,0,0,0,106968,495,0,0,0,1,0,0,1.86,9.315230255,6/19/2022
4,Đà Nẵng,1134310,0,0,0,0,99066,337,0,0,0,27,0,0,21.57,8.733591346,6/19/2022
33,Thừa Thiên Huế,1128620,0,0,0,0,46393,173,0,0,0,0,0,0,2.86,4.11059524,6/19/2022
57,Vĩnh Long,1022791,0,0,0,0,101072,829,0,0,0,2,0,0,0.57,9.881979798,6/19/2022
58,Trà Vinh,1009168,0,0,0,0,74647,115,0,0,0,0,0,0,0,7.396885355,6/19/2022
43,Bình Phước,994679,0,0,0,0,117412,224,0,0,0,1,0,0,2,11.80400913,6/19/2022
27,Ninh Bình,982487,0,0,0,0,99472,91,0,0,0,5,0,0,7.14,10.12451055,6/19/2022
39,Phú Yên,961152,0,0,0,0,42685,137,0,0,0,0,0,0,0.57,4.441024937,6/19/2022
60,Bạc Liêu,907236,0,0,0,0,46444,470,0,0,0,9,0,0,1.43,5.11928539,6/19/2022
31,Quảng Bình,895430,0,0,0,0,124067,74,0,0,0,11,0,0,9.71,13.85557777,6/19/2022
5,Hà Giang,854679,0,0,0,0,122074,80,0,0,0,10,0,0,6.57,14.28302322,6/19/2022
23,Hòa Bình,854131,0,0,0,0,236259,102,0,0,0,5,0,0,6.86,27.66074525,6/19/2022
24,Hà Nam,852800,0,0,0,0,84777,65,0,0,0,6,0,0,7.71,9.941017824,6/19/2022
13,Yên Bái,821030,0,0,0,0,148839,13,0,0,0,24,0,0,17.71,18.12832661,6/19/2022
9,Tuyên Quang,784811,0,0,0,0,143024,14,0,0,0,5,0,0,12.14,18.22400552,6/19/2022
10,Lạng Sơn,781655,0,0,0,0,156898,84,0,0,0,0,0,0,3.57,20.0725384,6/19/2022
64,Hậu Giang,733017,0,0,0,0,17089,231,0,0,0,1,0,0,0.14,2.33132383,6/19/2022
8,Lào Cai,730420,0,0,0,0,183509,38,0,0,0,13,0,0,19.29,25.12376441,6/19/2022
32,Quảng Trị,632375,0,0,0,0,81852,38,0,0,0,0,0,0,5,12.94358569,6/19/2022
63,Đắk Nông,622168,0,0,0,0,72977,47,0,0,0,0,0,0,0,11.72946857,6/19/2022
62,Điện Biên,598856,0,0,0,0,88286,20,0,0,0,2,0,0,2.14,14.74244226,6/19/2022
45,Ninh Thuận,590467,0,0,0,0,8639,60,0,0,0,0,0,0,0,1.463079224,6/19/2022
36,Kon Tum,540438,0,0,0,0,26139,1,0,0,0,0,0,0,0,4.836632509,6/19/2022
6,Cao Bằng,530341,0,0,0,0,95413,57,0,0,0,6,0,0,5.43,17.99087757,6/19/2022
7,Lai Châu,460196,0,0,0,0,73958,0,0,0,0,0,0,0,2.71,16.07097845,6/19/2022
11,Bắc Kạn,313905,0,0,0,0,74397,28,0,0,0,6,0,0,8.43,23.70048263,6/19/2022
1,Hà Nội,8053664,0,0,0,0,1604280,1221,0,0,0,141,0,0,60.43,19.91987746,6/20/2022
2,TP HCM,8993082,0,0,0,0,611507,19984,0,0,0,8,0,0,10.14,6.799748963,6/20/2022
28,Thanh Hóa,3640128,0,0,0,0,167582,107,0,0,0,7,0,0,2.86,4.603739209,6/20/2022
29,Nghệ An,3327791,0,0,0,0,485353,145,0,0,0,17,0,0,13.57,14.58484021,6/20/2022
48,Đồng Nai,3097107,0,0,0,0,106646,1899,0,0,0,0,0,0,0,3.443407025,6/20/2022
44,Bình Dương,2426561,0,0,0,0,320906,3518,0,0,0,1,0,0,0.14,13.22472421,6/20/2022
51,An Giang,1908352,0,0,0,0,41257,1321,0,0,0,0,0,0,0,2.161917717,6/20/2022
21,Hải Dương,1892254,0,0,0,0,363596,114,0,0,0,22,0,0,6.14,19.21496797,6/20/2022
40,Đắk Lắk,1869322,0,0,0,0,170585,201,0,0,0,0,0,0,0,9.125501118,6/20/2022
26,Thái Bình,1860447,0,0,0,0,292668,23,0,0,0,14,0,0,6.29,15.73105818,6/20/2022
3,Hải Phòng,1837173,0,0,0,0,120320,135,0,0,0,9,0,0,6.86,6.5491927,6/20/2022
18,Bắc Giang,1803950,0,0,0,0,387719,91,0,0,0,10,0,0,4.29,21.49277973,6/20/2022
25,Nam Định,1780393,0,0,0,0,295909,149,0,0,0,15,0,0,6.86,16.62043156,6/20/2022
53,Tiền Giang,1764185,0,0,0,0,36212,1290,0,0,0,0,0,0,0,2.052619198,6/20/2022
54,Kiên Giang,1723067,0,0,0,0,39798,1027,0,0,0,0,0,0,0,2.309718659,6/20/2022
49,Long An,1688547,0,0,0,0,48979,1088,0,0,0,0,0,0,0,2.900659561,6/20/2022
50,Đồng Tháp,1599504,0,0,0,0,50625,1007,0,0,0,0,0,0,0.29,3.165043664,6/20/2022
38,Gia Lai,1513847,0,0,0,0,69525,116,0,0,0,0,0,0,0,4.59260414,6/20/2022
34,Quảng Nam,1495812,0,0,0,0,49220,150,0,0,0,1,0,0,0.14,3.290520466,6/20/2022
37,Bình Định,1486918,0,0,0,0,137092,281,0,0,0,3,0,0,0.71,9.219876281,6/20/2022
15,Phú Thọ,1463726,0,0,0,0,321205,97,0,0,0,27,0,0,12.57,21.94433931,6/20/2022
19,Bắc Ninh,1368840,0,0,0,0,344708,136,0,0,0,11,0,0,9.14,25.18249028,6/20/2022
17,Quảng Ninh,1320324,0,0,0,0,348168,139,0,0,0,23,0,0,10.57,26.36989103,6/20/2022
42,Lâm Đồng,1296606,0,0,0,0,92107,141,0,0,0,8,0,0,2.86,7.103699967,6/20/2022
30,Hà Tĩnh,1288866,0,0,0,0,50280,50,0,0,0,2,0,0,0.29,3.901103761,6/20/2022
56,Bến Tre,1288463,0,0,0,0,97491,482,0,0,0,1,0,0,0.57,7.566457089,6/20/2022
12,Thái Nguyên,1286751,0,0,0,0,185641,110,0,0,0,14,0,0,6.43,14.42711138,6/20/2022
22,Hưng Yên,1252731,0,0,0,0,240169,5,0,0,0,20,0,0,4.57,19.17163381,6/20/2022
14,Sơn La,1248415,0,0,0,0,150692,0,0,0,0,7,0,0,4.43,12.0706656,6/20/2022
55,Cần Thơ,1235171,0,0,0,0,76397,951,0,0,0,0,0,0,0,6.185135499,6/20/2022
35,Quảng Ngãi,1231697,0,0,0,0,47558,127,0,0,0,9,0,0,1.29,3.861176897,6/20/2022
41,Khánh Hòa,1231107,0,0,0,0,117835,361,0,0,0,2,0,0,0.71,9.571466981,6/20/2022
47,Bình Thuận,1230808,0,0,0,0,52517,477,0,0,0,0,0,0,0,4.266871844,6/20/2022
59,Sóc Trăng,1199653,0,0,0,0,34350,633,0,0,0,0,0,0,0,2.863327979,6/20/2022
61,Cà Mau,1194476,0,0,0,0,145894,357,0,0,0,0,0,0,0,12.21405872,6/20/2022
46,Tây Ninh,1169165,0,0,0,0,137725,918,0,0,0,5,0,0,0.71,11.77977445,6/20/2022
16,Vĩnh Phúc,1154154,0,0,0,0,368804,19,0,0,0,9,0,0,5,31.95448788,6/20/2022
52,Bà Rịa - Vũng Tàu,1148313,0,0,0,0,106968,495,0,0,0,1,0,0,0.29,9.315230255,6/20/2022
4,Đà Nẵng,1134310,0,0,0,0,99066,337,0,0,0,27,0,0,10.71,8.733591346,6/20/2022
33,Thừa Thiên Huế,1128620,0,0,0,0,46393,173,0,0,0,0,0,0,0.43,4.11059524,6/20/2022
57,Vĩnh Long,1022791,0,0,0,0,101072,829,0,0,0,2,0,0,0.29,9.881979798,6/20/2022
58,Trà Vinh,1009168,0,0,0,0,74647,115,0,0,0,0,0,0,0,7.396885355,6/20/2022
43,Bình Phước,994679,0,0,0,0,117412,224,0,0,0,1,0,0,1.29,11.80400913,6/20/2022
27,Ninh Bình,982487,0,0,0,0,99472,91,0,0,0,5,0,0,3.43,10.12451055,6/20/2022
39,Phú Yên,961152,0,0,0,0,42685,137,0,0,0,0,0,0,0,4.441024937,6/20/2022
60,Bạc Liêu,907236,0,0,0,0,46444,470,0,0,0,9,0,0,1.29,5.11928539,6/20/2022
31,Quảng Bình,895430,0,0,0,0,124067,74,0,0,0,11,0,0,4.86,13.85557777,6/20/2022
5,Hà Giang,854679,0,0,0,0,122074,80,0,0,0,10,0,0,4.86,14.28302322,6/20/2022
23,Hòa Bình,854131,0,0,0,0,236259,102,0,0,0,5,0,0,3.29,27.66074525,6/20/2022
24,Hà Nam,852800,0,0,0,0,84777,65,0,0,0,6,0,0,3.14,9.941017824,6/20/2022
13,Yên Bái,821030,0,0,0,0,148839,13,0,0,0,24,0,0,10,18.12832661,6/20/2022
9,Tuyên Quang,784811,0,0,0,0,143024,14,0,0,0,5,0,0,6.14,18.22400552,6/20/2022
10,Lạng Sơn,781655,0,0,0,0,156898,84,0,0,0,0,0,0,1.14,20.0725384,6/20/2022
64,Hậu Giang,733017,0,0,0,0,17089,231,0,0,0,1,0,0,0.14,2.33132383,6/20/2022
8,Lào Cai,730420,0,0,0,0,183509,38,0,0,0,13,0,0,10.43,25.12376441,6/20/2022
32,Quảng Trị,632375,0,0,0,0,81852,38,0,0,0,0,0,0,2.43,12.94358569,6/20/2022
63,Đắk Nông,622168,0,0,0,0,72977,47,0,0,0,0,0,0,0,11.72946857,6/20/2022
62,Điện Biên,598856,0,0,0,0,88286,20,0,0,0,2,0,0,0.86,14.74244226,6/20/2022
45,Ninh Thuận,590467,0,0,0,0,8639,60,0,0,0,0,0,0,0,1.463079224,6/20/2022
36,Kon Tum,540438,0,0,0,0,26139,1,0,0,0,0,0,0,0,4.836632509,6/20/2022
6,Cao Bằng,530341,0,0,0,0,95413,57,0,0,0,6,0,0,3,17.99087757,6/20/2022
7,Lai Châu,460196,0,0,0,0,73958,0,0,0,0,0,0,0,0.57,16.07097845,6/20/2022
11,Bắc Kạn,313905,0,0,0,0,74397,28,0,0,0,6,0,0,3.86,23.70048263,6/20/2022
1,Hà Nội,8053664,0,0,0,0,1605136,1221,0,0,0,177,0,0,122.29,19.93050616,6/21/2022
2,TP HCM,8993082,0,0,0,0,611679,19984,0,0,0,32,0,0,24.57,6.801661544,6/21/2022
28,Thanh Hóa,3640128,0,0,0,0,167630,107,0,0,0,12,0,0,6.86,4.605057844,6/21/2022
29,Nghệ An,3327791,0,0,0,0,485572,145,0,0,0,21,0,0,31.29,14.59142116,6/21/2022
48,Đồng Nai,3097107,0,0,0,0,106646,1899,0,0,0,0,0,0,0,3.443407025,6/21/2022
44,Bình Dương,2426561,0,0,0,0,320907,3518,0,0,0,0,0,0,0.14,13.22476542,6/21/2022
51,An Giang,1908352,0,0,0,0,42243,1321,0,0,0,0,0,0,140.86,2.213585334,6/21/2022
21,Hải Dương,1892254,0,0,0,0,363669,114,0,0,0,6,0,0,10.43,19.2188258,6/21/2022
40,Đắk Lắk,1869322,0,0,0,0,170585,201,0,0,0,0,0,0,0,9.125501118,6/21/2022
26,Thái Bình,1860447,0,0,0,0,292751,23,0,0,0,12,0,0,11.86,15.73551947,6/21/2022
3,Hải Phòng,1837173,0,0,0,0,120434,135,0,0,0,0,0,0,16.29,6.555397886,6/21/2022
18,Bắc Giang,1803950,0,0,0,0,387746,91,0,0,0,0,0,0,3.86,21.49427645,6/21/2022
25,Nam Định,1780393,0,0,0,0,295972,149,0,0,0,11,0,0,9,16.6239701,6/21/2022
53,Tiền Giang,1764185,0,0,0,0,36212,1290,0,0,0,0,0,0,0,2.052619198,6/21/2022
54,Kiên Giang,1723067,0,0,0,0,39799,1027,0,0,0,0,0,0,0.14,2.309776695,6/21/2022
49,Long An,1688547,0,0,0,0,48988,1088,0,0,0,0,0,0,1.29,2.901192564,6/21/2022
50,Đồng Tháp,1599504,0,0,0,0,50639,1007,0,0,0,0,0,0,2,3.165918935,6/21/2022
38,Gia Lai,1513847,0,0,0,0,69536,116,0,0,0,0,0,0,1.57,4.593330766,6/21/2022
34,Quảng Nam,1495812,0,0,0,0,49221,150,0,0,0,1,0,0,0.14,3.29058732,6/21/2022
37,Bình Định,1486918,0,0,0,0,137103,281,0,0,0,0,0,0,1.57,9.220616066,6/21/2022
15,Phú Thọ,1463726,0,0,0,0,321462,97,0,0,0,26,0,0,36.71,21.96189724,6/21/2022
19,Bắc Ninh,1368840,0,0,0,0,344934,136,0,0,0,32,0,0,32.29,25.19900061,6/21/2022
17,Quảng Ninh,1320324,0,0,0,0,348328,139,0,0,0,21,0,0,22.86,26.38200926,6/21/2022
42,Lâm Đồng,1296606,0,0,0,0,92145,141,0,0,0,6,0,0,5.43,7.106630696,6/21/2022
30,Hà Tĩnh,1288866,0,0,0,0,50305,50,0,0,0,0,0,0,3.57,3.903043451,6/21/2022
56,Bến Tre,1288463,0,0,0,0,97504,483,0,0,0,1,0,0.14,1.86,7.567466043,6/21/2022
12,Thái Nguyên,1286751,0,0,0,0,185726,110,0,0,0,14,0,0,12.14,14.43371717,6/21/2022
22,Hưng Yên,1252731,0,0,0,0,240223,5,0,0,0,2,0,0,7.71,19.1759444,6/21/2022
14,Sơn La,1248415,0,0,0,0,150757,0,0,0,0,11,0,0,9.29,12.07587221,6/21/2022
55,Cần Thơ,1235171,0,0,0,0,76397,951,0,0,0,0,0,0,0,6.185135499,6/21/2022
35,Quảng Ngãi,1231697,0,0,0,0,47581,127,0,0,0,0,0,0,3.29,3.863044239,6/21/2022
41,Khánh Hòa,1231107,0,0,0,0,117847,361,0,0,0,2,0,0,1.71,9.572441713,6/21/2022
47,Bình Thuận,1230808,0,0,0,0,52517,477,0,0,0,0,0,0,0,4.266871844,6/21/2022
59,Sóc Trăng,1199653,0,0,0,0,34350,633,0,0,0,0,0,0,0,2.863327979,6/21/2022
61,Cà Mau,1194476,0,0,0,0,145900,357,0,0,0,0,0,0,0.86,12.21456103,6/21/2022
46,Tây Ninh,1169165,0,0,0,0,137732,918,0,0,0,0,0,0,1,11.78037317,6/21/2022
16,Vĩnh Phúc,1154154,0,0,0,0,368913,19,0,0,0,14,0,0,15.57,31.96393202,6/21/2022
52,Bà Rịa - Vũng Tàu,1148313,0,0,0,0,106991,495,0,0,0,0,0,0,3.29,9.317233193,6/21/2022
4,Đà Nẵng,1134310,0,0,0,0,99258,337,0,0,0,14,0,0,27.43,8.750517936,6/21/2022
33,Thừa Thiên Huế,1128620,0,0,0,0,46412,173,0,0,0,12,0,0,2.71,4.112278712,6/21/2022
57,Vĩnh Long,1022791,0,0,0,0,101075,829,0,0,0,0,0,0,0.43,9.882273113,6/21/2022
58,Trà Vinh,1009168,0,0,0,0,74647,115,0,0,0,0,0,0,0,7.396885355,6/21/2022
43,Bình Phước,994679,0,0,0,0,117416,224,0,0,0,0,0,0,0.57,11.80441127,6/21/2022
27,Ninh Bình,982487,0,0,0,0,99534,91,0,0,0,11,0,0,8.86,10.13082107,6/21/2022
39,Phú Yên,961152,0,0,0,0,42689,137,0,0,0,0,0,0,0.57,4.441441104,6/21/2022
60,Bạc Liêu,907236,0,0,0,0,46460,470,0,0,0,0,0,0,2.29,5.121048988,6/21/2022
31,Quảng Bình,895430,0,0,0,0,124158,74,0,0,0,18,0,0,13,13.86574048,6/21/2022
5,Hà Giang,854679,0,0,0,0,122106,80,0,0,0,0,0,0,4.57,14.28676731,6/21/2022
23,Hòa Bình,854131,0,0,0,0,236334,102,0,0,0,9,0,0,10.71,27.6695261,6/21/2022
24,Hà Nam,852800,0,0,0,0,84867,65,0,0,0,10,0,0,12.86,9.951571295,6/21/2022
13,Yên Bái,821030,0,0,0,0,149054,13,0,0,0,11,0,0,30.71,18.15451323,6/21/2022
9,Tuyên Quang,784811,0,0,0,0,143097,14,0,0,0,14,0,0,10.43,18.23330713,6/21/2022
10,Lạng Sơn,781655,0,0,0,0,156924,84,0,0,0,0,0,0,3.71,20.07586467,6/21/2022
64,Hậu Giang,733017,0,0,0,0,17092,231,0,0,0,0,0,0,0.43,2.331733098,6/21/2022
8,Lào Cai,730420,0,0,0,0,183680,38,0,0,0,16,0,0,24.43,25.1471756,6/21/2022
32,Quảng Trị,632375,0,0,0,0,81910,38,0,0,0,10,0,0,8.29,12.95275746,6/21/2022
63,Đắk Nông,622168,0,0,0,0,72977,47,0,0,0,0,0,0,0,11.72946857,6/21/2022
62,Điện Biên,598856,0,0,0,0,88318,20,0,0,0,3,0,0,4.57,14.74778578,6/21/2022
45,Ninh Thuận,590467,0,0,0,0,8697,60,0,0,0,0,0,0,8.29,1.472901957,6/21/2022
36,Kon Tum,540438,0,0,0,0,26139,1,0,0,0,0,0,0,0,4.836632509,6/21/2022
6,Cao Bằng,530341,0,0,0,0,95477,57,0,0,0,6,0,0,9.14,18.00294527,6/21/2022
7,Lai Châu,460196,0,0,0,0,73997,0,0,0,0,2,0,0,5.57,16.0794531,6/21/2022
11,Bắc Kạn,313905,0,0,0,0,74466,28,0,0,0,20,0,0,9.86,23.7224638,6/21/2022
1,Hà Nội,8053664,0,0,0,0,1605324,1221,0,0,0,188,0,0,149.14,19.93284051,6/22/2022
2,TP HCM,8993082,0,0,0,0,611693,19984,0,0,0,14,0,0,26.57,6.801817219,6/22/2022
28,Thanh Hóa,3640128,0,0,0,0,167636,107,0,0,0,6,0,0,7.71,4.605222673,6/22/2022
29,Nghệ An,3327791,0,0,0,0,485582,145,0,0,0,10,0,0,32.71,14.59172166,6/22/2022
48,Đồng Nai,3097107,0,0,0,0,106646,1899,0,0,0,0,0,0,0,3.443407025,6/22/2022
44,Bình Dương,2426561,0,0,0,0,320912,3518,0,0,0,5,0,0,0.86,13.22497147,6/22/2022
51,An Giang,1908352,0,0,0,0,42243,1321,0,0,0,0,0,0,140.86,2.213585334,6/22/2022
21,Hải Dương,1892254,0,0,0,0,363690,114,0,0,0,21,0,0,13.43,19.21993559,6/22/2022
40,Đắk Lắk,1869322,0,0,0,0,170585,201,0,0,0,0,0,0,0,9.125501118,6/22/2022
26,Thái Bình,1860447,0,0,0,0,292763,23,0,0,0,12,0,0,13.57,15.73616448,6/22/2022
3,Hải Phòng,1837173,0,0,0,0,120498,135,0,0,0,64,0,0,25.43,6.558881499,6/22/2022
18,Bắc Giang,1803950,0,0,0,0,387752,91,0,0,0,6,0,0,4.71,21.49460905,6/22/2022
25,Nam Định,1780393,0,0,0,0,295977,149,0,0,0,5,0,0,9.71,16.62425094,6/22/2022
53,Tiền Giang,1764185,0,0,0,0,36212,1290,0,0,0,0,0,0,0,2.052619198,6/22/2022
54,Kiên Giang,1723067,0,0,0,0,39799,1027,0,0,0,0,0,0,0.14,2.309776695,6/22/2022
49,Long An,1688547,0,0,0,0,48988,1088,0,0,0,0,0,0,1.29,2.901192564,6/22/2022
50,Đồng Tháp,1599504,0,0,0,0,50639,1007,0,0,0,0,0,0,2,3.165918935,6/22/2022
38,Gia Lai,1513847,0,0,0,0,69538,116,0,0,0,2,0,0,1.86,4.59346288,6/22/2022
34,Quảng Nam,1495812,0,0,0,0,49222,150,0,0,0,1,0,0,0.29,3.290654173,6/22/2022
37,Bình Định,1486918,0,0,0,0,137104,281,0,0,0,1,0,0,1.71,9.220683319,6/22/2022
15,Phú Thọ,1463726,0,0,0,0,321481,97,0,0,0,19,0,0,39.43,21.9631953,6/22/2022
19,Bắc Ninh,1368840,0,0,0,0,344934,136,0,0,0,0,0,0,32.29,25.19900061,6/22/2022
17,Quảng Ninh,1320324,0,0,0,0,348349,139,0,0,0,21,0,0,25.86,26.38359978,6/22/2022
42,Lâm Đồng,1296606,0,0,0,0,92149,141,0,0,0,4,0,0,6,7.106939194,6/22/2022
30,Hà Tĩnh,1288866,0,0,0,0,50307,50,0,0,0,2,0,0,3.86,3.903198626,6/22/2022
56,Bến Tre,1288463,0,0,0,0,97504,483,0,0,0,0,0,0.14,1.86,7.567466043,6/22/2022
12,Thái Nguyên,1286751,0,0,0,0,185738,110,0,0,0,12,0,0,13.86,14.43464975,6/22/2022
22,Hưng Yên,1252731,0,0,0,0,240235,5,0,0,0,12,0,0,9.43,19.1769023,6/22/2022
14,Sơn La,1248415,0,0,0,0,150766,0,0,0,0,9,0,0,10.57,12.07659312,6/22/2022
55,Cần Thơ,1235171,0,0,0,0,76398,951,0,0,0,1,0,0,0.14,6.18521646,6/22/2022
35,Quảng Ngãi,1231697,0,0,0,0,47588,127,0,0,0,7,0,0,4.29,3.863612561,6/22/2022
41,Khánh Hòa,1231107,0,0,0,0,117848,361,0,0,0,1,0,0,1.86,9.572522941,6/22/2022
47,Bình Thuận,1230808,0,0,0,0,52517,477,0,0,0,0,0,0,0,4.266871844,6/22/2022
59,Sóc Trăng,1199653,0,0,0,0,34350,633,0,0,0,0,0,0,0,2.863327979,6/22/2022
61,Cà Mau,1194476,0,0,0,0,145900,357,0,0,0,0,0,0,0.86,12.21456103,6/22/2022
46,Tây Ninh,1169165,0,0,0,0,137733,918,0,0,0,1,0,0,1.14,11.7804587,6/22/2022
16,Vĩnh Phúc,1154154,0,0,0,0,368926,19,0,0,0,13,0,0,17.43,31.96505839,6/22/2022
52,Bà Rịa - Vũng Tàu,1148313,0,0,0,0,106991,495,0,0,0,0,0,0,3.29,9.317233193,6/22/2022
4,Đà Nẵng,1134310,0,0,0,0,99320,337,0,0,0,62,0,0,36.29,8.755983814,6/22/2022
33,Thừa Thiên Huế,1128620,0,0,0,0,46412,173,0,0,0,0,0,0,2.71,4.112278712,6/22/2022
57,Vĩnh Long,1022791,0,0,0,0,101075,829,0,0,0,0,0,0,0.43,9.882273113,6/22/2022
58,Trà Vinh,1009168,0,0,0,0,74647,115,0,0,0,0,0,0,0,7.396885355,6/22/2022
43,Bình Phước,994679,0,0,0,0,117416,224,0,0,0,0,0,0,0.57,11.80441127,6/22/2022
27,Ninh Bình,982487,0,0,0,0,99539,91,0,0,0,5,0,0,9.57,10.13132998,6/22/2022
39,Phú Yên,961152,0,0,0,0,42689,137,0,0,0,0,0,0,0.57,4.441441104,6/22/2022
60,Bạc Liêu,907236,0,0,0,0,46460,470,0,0,0,0,0,0,2.29,5.121048988,6/22/2022
31,Quảng Bình,895430,0,0,0,0,124167,74,0,0,0,9,0,0,14.29,13.86674559,6/22/2022
5,Hà Giang,854679,0,0,0,0,122111,80,0,0,0,5,0,0,5.29,14.28735233,6/22/2022
23,Hòa Bình,854131,0,0,0,0,236345,102,0,0,0,11,0,0,12.29,27.67081396,6/22/2022
24,Hà Nam,852800,0,0,0,0,84874,65,0,0,0,7,0,0,13.86,9.95239212,6/22/2022
13,Yên Bái,821030,0,0,0,0,149085,13,0,0,0,31,0,0,35.14,18.15828898,6/22/2022
9,Tuyên Quang,784811,0,0,0,0,143105,14,0,0,0,8,0,0,11.57,18.23432648,6/22/2022
10,Lạng Sơn,781655,0,0,0,0,156935,84,0,0,0,11,0,0,5.29,20.07727194,6/22/2022
64,Hậu Giang,733017,0,0,0,0,17092,231,0,0,0,0,0,0,0.43,2.331733098,6/22/2022
8,Lào Cai,730420,0,0,0,0,183699,38,0,0,0,19,0,0,27.14,25.14977684,6/22/2022
32,Quảng Trị,632375,0,0,0,0,81916,38,0,0,0,6,0,0,9.14,12.95370627,6/22/2022
63,Đắk Nông,622168,0,0,0,0,72977,47,0,0,0,0,0,0,0,11.72946857,6/22/2022
62,Điện Biên,598856,0,0,0,0,88326,20,0,0,0,8,0,0,5.71,14.74912166,6/22/2022
45,Ninh Thuận,590467,0,0,0,0,8697,60,0,0,0,0,0,0,8.29,1.472901957,6/22/2022
36,Kon Tum,540438,0,0,0,0,26139,1,0,0,0,0,0,0,0,4.836632509,6/22/2022
6,Cao Bằng,530341,0,0,0,0,95485,57,0,0,0,8,0,0,10.29,18.00445374,6/22/2022
7,Lai Châu,460196,0,0,0,0,73997,0,0,0,0,0,0,0,5.57,16.0794531,6/22/2022
11,Bắc Kạn,313905,0,0,0,0,74476,28,0,0,0,10,0,0,11.29,23.72564948,6/22/2022
,,,,,,,,,,,,,,,,,
